"","Tax.Year","County","Return.Type","Percentage"
"1",2004,"Baker","Single %",0.393
"2",2004,"Baker","Joint %",0.516
"3",2004,"Baker","Separated %",0.013
"4",2004,"Benton","Single %",0.498
"5",2004,"Benton","Joint %",0.419
"6",2004,"Benton","Separated %",0.012
"7",2004,"California","Single %",0.46
"8",2004,"California","Joint %",0.445
"9",2004,"California","Separated %",0.034
"10",2004,"Clackamas","Single %",0.42
"11",2004,"Clackamas","Joint %",0.473
"12",2004,"Clackamas","Separated %",0.013
"13",2004,"Clark Co WA","Single %",0.32
"14",2004,"Clark Co WA","Joint %",0.563
"15",2004,"Clark Co WA","Separated %",0.012
"16",2004,"Clatsop","Single %",0.45
"17",2004,"Clatsop","Joint %",0.432
"18",2004,"Clatsop","Separated %",0.015
"19",2004,"Columbia","Single %",0.373
"20",2004,"Columbia","Joint %",0.516
"21",2004,"Columbia","Separated %",0.014
"22",2004,"Coos","Single %",0.411
"23",2004,"Coos","Joint %",0.468
"24",2004,"Coos","Separated %",0.014
"25",2004,"Crook","Single %",0.351
"26",2004,"Crook","Joint %",0.537
"27",2004,"Crook","Separated %",0.016
"28",2004,"Curry","Single %",0.411
"29",2004,"Curry","Joint %",0.493
"30",2004,"Curry","Separated %",0.012
"31",2004,"Deschutes","Single %",0.417
"32",2004,"Deschutes","Joint %",0.48
"33",2004,"Deschutes","Separated %",0.015
"34",2004,"Douglas","Single %",0.383
"35",2004,"Douglas","Joint %",0.491
"36",2004,"Douglas","Separated %",0.014
"37",2004,"Gilliam","Single %",0.413
"38",2004,"Gilliam","Joint %",0.506
"39",2004,"Gilliam","Separated %",0.013
"40",2004,"Grant","Single %",0.403
"41",2004,"Grant","Joint %",0.504
"42",2004,"Grant","Separated %",0.014
"43",2004,"Harney","Single %",0.383
"44",2004,"Harney","Joint %",0.505
"45",2004,"Harney","Separated %",0.013
"46",2004,"Hood River","Single %",0.407
"47",2004,"Hood River","Joint %",0.473
"48",2004,"Hood River","Separated %",0.012
"49",2004,"Idaho","Single %",0.342
"50",2004,"Idaho","Joint %",0.558
"51",2004,"Idaho","Separated %",0.01
"52",2004,"Jackson","Single %",0.429
"53",2004,"Jackson","Joint %",0.447
"54",2004,"Jackson","Separated %",0.014
"55",2004,"Jefferson","Single %",0.348
"56",2004,"Jefferson","Joint %",0.452
"57",2004,"Jefferson","Separated %",0.014
"58",2004,"Josephine","Single %",0.395
"59",2004,"Josephine","Joint %",0.485
"60",2004,"Josephine","Separated %",0.014
"61",2004,"Klamath","Single %",0.387
"62",2004,"Klamath","Joint %",0.481
"63",2004,"Klamath","Separated %",0.015
"64",2004,"Lake","Single %",0.384
"65",2004,"Lake","Joint %",0.516
"66",2004,"Lake","Separated %",0.015
"67",2004,"Lane","Single %",0.458
"68",2004,"Lane","Joint %",0.425
"69",2004,"Lane","Separated %",0.013
"70",2004,"Lincoln","Single %",0.44
"71",2004,"Lincoln","Joint %",0.44
"72",2004,"Lincoln","Separated %",0.013
"73",2004,"Linn","Single %",0.383
"74",2004,"Linn","Joint %",0.499
"75",2004,"Linn","Separated %",0.012
"76",2004,"Malheur","Single %",0.354
"77",2004,"Malheur","Joint %",0.498
"78",2004,"Malheur","Separated %",0.01
"79",2004,"Marion","Single %",0.407
"80",2004,"Marion","Joint %",0.44
"81",2004,"Marion","Separated %",0.013
"82",2004,"Morrow","Single %",0.327
"83",2004,"Morrow","Joint %",0.512
"84",2004,"Morrow","Separated %",0.011
"85",2004,"Multnomah","Single %",0.527
"86",2004,"Multnomah","Joint %",0.348
"87",2004,"Multnomah","Separated %",0.014
"88",2004,"Other","Single %",0.479
"89",2004,"Other","Joint %",0.438
"90",2004,"Other","Separated %",0.033
"91",2004,"Other Washington","Single %",0.366
"92",2004,"Other Washington","Joint %",0.54
"93",2004,"Other Washington","Separated %",0.016
"94",2004,"Polk","Single %",0.388
"95",2004,"Polk","Joint %",0.493
"96",2004,"Polk","Separated %",0.013
"97",2004,"Sherman","Single %",0.415
"98",2004,"Sherman","Joint %",0.47
"99",2004,"Sherman","Separated %",0.016
"100",2004,"Tillamook","Single %",0.423
"101",2004,"Tillamook","Joint %",0.475
"102",2004,"Tillamook","Separated %",0.012
"103",2004,"Umatilla","Single %",0.374
"104",2004,"Umatilla","Joint %",0.459
"105",2004,"Umatilla","Separated %",0.014
"106",2004,"Union","Single %",0.411
"107",2004,"Union","Joint %",0.493
"108",2004,"Union","Separated %",0.011
"109",2004,"Wallowa","Single %",0.406
"110",2004,"Wallowa","Joint %",0.517
"111",2004,"Wallowa","Separated %",0.011
"112",2004,"Wasco","Single %",0.399
"113",2004,"Wasco","Joint %",0.47
"114",2004,"Wasco","Separated %",0.012
"115",2004,"Washington","Single %",0.43
"116",2004,"Washington","Joint %",0.454
"117",2004,"Washington","Separated %",0.013
"118",2004,"Wheeler","Single %",0.327
"119",2004,"Wheeler","Joint %",0.596
"120",2004,"Wheeler","Separated %",0.014
"121",2004,"Yamhill","Single %",0.384
"122",2004,"Yamhill","Joint %",0.485
"123",2004,"Yamhill","Separated %",0.014
"124",2005,"Baker","Single %",0.405
"125",2005,"Baker","Joint %",0.505
"126",2005,"Baker","Separated %",0.014
"127",2005,"Benton","Single %",0.487
"128",2005,"Benton","Joint %",0.436
"129",2005,"Benton","Separated %",0.012
"130",2005,"California","Single %",0.459
"131",2005,"California","Joint %",0.451
"132",2005,"California","Separated %",0.03
"133",2005,"Clackamas","Single %",0.425
"134",2005,"Clackamas","Joint %",0.472
"135",2005,"Clackamas","Separated %",0.013
"136",2005,"Clark Co WA","Single %",0.326
"137",2005,"Clark Co WA","Joint %",0.565
"138",2005,"Clark Co WA","Separated %",0.013
"139",2005,"Clatsop","Single %",0.455
"140",2005,"Clatsop","Joint %",0.431
"141",2005,"Clatsop","Separated %",0.015
"142",2005,"Columbia","Single %",0.381
"143",2005,"Columbia","Joint %",0.508
"144",2005,"Columbia","Separated %",0.012
"145",2005,"Coos","Single %",0.42
"146",2005,"Coos","Joint %",0.465
"147",2005,"Coos","Separated %",0.015
"148",2005,"Crook","Single %",0.358
"149",2005,"Crook","Joint %",0.529
"150",2005,"Crook","Separated %",0.016
"151",2005,"Curry","Single %",0.416
"152",2005,"Curry","Joint %",0.487
"153",2005,"Curry","Separated %",0.014
"154",2005,"Deschutes","Single %",0.427
"155",2005,"Deschutes","Joint %",0.472
"156",2005,"Deschutes","Separated %",0.015
"157",2005,"Douglas","Single %",0.39
"158",2005,"Douglas","Joint %",0.488
"159",2005,"Douglas","Separated %",0.014
"160",2005,"Gilliam","Single %",0.404
"161",2005,"Gilliam","Joint %",0.498
"162",2005,"Gilliam","Separated %",0.026
"163",2005,"Grant","Single %",0.414
"164",2005,"Grant","Joint %",0.504
"165",2005,"Grant","Separated %",0.009
"166",2005,"Harney","Single %",0.388
"167",2005,"Harney","Joint %",0.513
"168",2005,"Harney","Separated %",0.009
"169",2005,"Hood River","Single %",0.409
"170",2005,"Hood River","Joint %",0.468
"171",2005,"Hood River","Separated %",0.01
"172",2005,"Idaho","Single %",0.348
"173",2005,"Idaho","Joint %",0.553
"174",2005,"Idaho","Separated %",0.01
"175",2005,"Jackson","Single %",0.435
"176",2005,"Jackson","Joint %",0.441
"177",2005,"Jackson","Separated %",0.014
"178",2005,"Jefferson","Single %",0.355
"179",2005,"Jefferson","Joint %",0.478
"180",2005,"Jefferson","Separated %",0.012
"181",2005,"Josephine","Single %",0.405
"182",2005,"Josephine","Joint %",0.477
"183",2005,"Josephine","Separated %",0.014
"184",2005,"Klamath","Single %",0.395
"185",2005,"Klamath","Joint %",0.478
"186",2005,"Klamath","Separated %",0.013
"187",2005,"Lake","Single %",0.396
"188",2005,"Lake","Joint %",0.508
"189",2005,"Lake","Separated %",0.013
"190",2005,"Lane","Single %",0.466
"191",2005,"Lane","Joint %",0.42
"192",2005,"Lane","Separated %",0.013
"193",2005,"Lincoln","Single %",0.443
"194",2005,"Lincoln","Joint %",0.442
"195",2005,"Lincoln","Separated %",0.016
"196",2005,"Linn","Single %",0.398
"197",2005,"Linn","Joint %",0.482
"198",2005,"Linn","Separated %",0.014
"199",2005,"Malheur","Single %",0.352
"200",2005,"Malheur","Joint %",0.494
"201",2005,"Malheur","Separated %",0.011
"202",2005,"Marion","Single %",0.412
"203",2005,"Marion","Joint %",0.435
"204",2005,"Marion","Separated %",0.013
"205",2005,"Morrow","Single %",0.328
"206",2005,"Morrow","Joint %",0.506
"207",2005,"Morrow","Separated %",0.013
"208",2005,"Multnomah","Single %",0.536
"209",2005,"Multnomah","Joint %",0.344
"210",2005,"Multnomah","Separated %",0.014
"211",2005,"Other","Single %",0.477
"212",2005,"Other","Joint %",0.443
"213",2005,"Other","Separated %",0.03
"214",2005,"Other Washington","Single %",0.395
"215",2005,"Other Washington","Joint %",0.513
"216",2005,"Other Washington","Separated %",0.016
"217",2005,"Polk","Single %",0.39
"218",2005,"Polk","Joint %",0.493
"219",2005,"Polk","Separated %",0.013
"220",2005,"Sherman","Single %",0.43
"221",2005,"Sherman","Joint %",0.475
"222",2005,"Sherman","Separated %",0.019
"223",2005,"Tillamook","Single %",0.419
"224",2005,"Tillamook","Joint %",0.479
"225",2005,"Tillamook","Separated %",0.013
"226",2005,"Umatilla","Single %",0.378
"227",2005,"Umatilla","Joint %",0.456
"228",2005,"Umatilla","Separated %",0.014
"229",2005,"Union","Single %",0.41
"230",2005,"Union","Joint %",0.497
"231",2005,"Union","Separated %",0.011
"232",2005,"Wallowa","Single %",0.414
"233",2005,"Wallowa","Joint %",0.514
"234",2005,"Wallowa","Separated %",0.009
"235",2005,"Wasco","Single %",0.405
"236",2005,"Wasco","Joint %",0.469
"237",2005,"Wasco","Separated %",0.011
"238",2005,"Washington","Single %",0.44
"239",2005,"Washington","Joint %",0.444
"240",2005,"Washington","Separated %",0.013
"241",2005,"Wheeler","Single %",0.34
"242",2005,"Wheeler","Joint %",0.598
"243",2005,"Wheeler","Separated %",0.01
"244",2005,"Yamhill","Single %",0.391
"245",2005,"Yamhill","Joint %",0.484
"246",2005,"Yamhill","Separated %",0.014
"247",2006,"Baker","Single %",0.412
"248",2006,"Baker","Joint %",0.495
"249",2006,"Baker","Separated %",0.013
"250",2006,"Benton","Single %",0.488
"251",2006,"Benton","Joint %",0.434
"252",2006,"Benton","Separated %",0.012
"253",2006,"California","Single %",0.453
"254",2006,"California","Joint %",0.461
"255",2006,"California","Separated %",0.027
"256",2006,"Clackamas","Single %",0.431
"257",2006,"Clackamas","Joint %",0.465
"258",2006,"Clackamas","Separated %",0.013
"259",2006,"Clark Co WA","Single %",0.339
"260",2006,"Clark Co WA","Joint %",0.549
"261",2006,"Clark Co WA","Separated %",0.012
"262",2006,"Clatsop","Single %",0.452
"263",2006,"Clatsop","Joint %",0.43
"264",2006,"Clatsop","Separated %",0.015
"265",2006,"Columbia","Single %",0.386
"266",2006,"Columbia","Joint %",0.505
"267",2006,"Columbia","Separated %",0.012
"268",2006,"Coos","Single %",0.423
"269",2006,"Coos","Joint %",0.456
"270",2006,"Coos","Separated %",0.015
"271",2006,"Crook","Single %",0.363
"272",2006,"Crook","Joint %",0.521
"273",2006,"Crook","Separated %",0.017
"274",2006,"Curry","Single %",0.417
"275",2006,"Curry","Joint %",0.483
"276",2006,"Curry","Separated %",0.015
"277",2006,"Deschutes","Single %",0.433
"278",2006,"Deschutes","Joint %",0.463
"279",2006,"Deschutes","Separated %",0.015
"280",2006,"Douglas","Single %",0.391
"281",2006,"Douglas","Joint %",0.484
"282",2006,"Douglas","Separated %",0.015
"283",2006,"Gilliam","Single %",0.423
"284",2006,"Gilliam","Joint %",0.484
"285",2006,"Gilliam","Separated %",0.017
"286",2006,"Grant","Single %",0.409
"287",2006,"Grant","Joint %",0.502
"288",2006,"Grant","Separated %",0.012
"289",2006,"Harney","Single %",0.393
"290",2006,"Harney","Joint %",0.512
"291",2006,"Harney","Separated %",0.008
"292",2006,"Hood River","Single %",0.42
"293",2006,"Hood River","Joint %",0.461
"294",2006,"Hood River","Separated %",0.01
"295",2006,"Idaho","Single %",0.342
"296",2006,"Idaho","Joint %",0.557
"297",2006,"Idaho","Separated %",0.008
"298",2006,"Jackson","Single %",0.438
"299",2006,"Jackson","Joint %",0.436
"300",2006,"Jackson","Separated %",0.015
"301",2006,"Jefferson","Single %",0.364
"302",2006,"Jefferson","Joint %",0.462
"303",2006,"Jefferson","Separated %",0.014
"304",2006,"Josephine","Single %",0.409
"305",2006,"Josephine","Joint %",0.471
"306",2006,"Josephine","Separated %",0.015
"307",2006,"Klamath","Single %",0.398
"308",2006,"Klamath","Joint %",0.474
"309",2006,"Klamath","Separated %",0.013
"310",2006,"Lake","Single %",0.4
"311",2006,"Lake","Joint %",0.507
"312",2006,"Lake","Separated %",0.012
"313",2006,"Lane","Single %",0.471
"314",2006,"Lane","Joint %",0.414
"315",2006,"Lane","Separated %",0.014
"316",2006,"Lincoln","Single %",0.449
"317",2006,"Lincoln","Joint %",0.434
"318",2006,"Lincoln","Separated %",0.014
"319",2006,"Linn","Single %",0.401
"320",2006,"Linn","Joint %",0.476
"321",2006,"Linn","Separated %",0.014
"322",2006,"Malheur","Single %",0.361
"323",2006,"Malheur","Joint %",0.481
"324",2006,"Malheur","Separated %",0.012
"325",2006,"Marion","Single %",0.415
"326",2006,"Marion","Joint %",0.43
"327",2006,"Marion","Separated %",0.013
"328",2006,"Morrow","Single %",0.327
"329",2006,"Morrow","Joint %",0.513
"330",2006,"Morrow","Separated %",0.014
"331",2006,"Multnomah","Single %",0.542
"332",2006,"Multnomah","Joint %",0.337
"333",2006,"Multnomah","Separated %",0.014
"334",2006,"Other","Single %",0.477
"335",2006,"Other","Joint %",0.441
"336",2006,"Other","Separated %",0.031
"337",2006,"Other Washington","Single %",0.382
"338",2006,"Other Washington","Joint %",0.525
"339",2006,"Other Washington","Separated %",0.016
"340",2006,"Polk","Single %",0.392
"341",2006,"Polk","Joint %",0.491
"342",2006,"Polk","Separated %",0.013
"343",2006,"Sherman","Single %",0.432
"344",2006,"Sherman","Joint %",0.468
"345",2006,"Sherman","Separated %",0.016
"346",2006,"Tillamook","Single %",0.426
"347",2006,"Tillamook","Joint %",0.475
"348",2006,"Tillamook","Separated %",0.013
"349",2006,"Umatilla","Single %",0.379
"350",2006,"Umatilla","Joint %",0.451
"351",2006,"Umatilla","Separated %",0.012
"352",2006,"Union","Single %",0.415
"353",2006,"Union","Joint %",0.492
"354",2006,"Union","Separated %",0.013
"355",2006,"Wallowa","Single %",0.422
"356",2006,"Wallowa","Joint %",0.504
"357",2006,"Wallowa","Separated %",0.009
"358",2006,"Wasco","Single %",0.412
"359",2006,"Wasco","Joint %",0.46
"360",2006,"Wasco","Separated %",0.011
"361",2006,"Washington","Single %",0.445
"362",2006,"Washington","Joint %",0.439
"363",2006,"Washington","Separated %",0.013
"364",2006,"Wheeler","Single %",0.384
"365",2006,"Wheeler","Joint %",0.548
"366",2006,"Wheeler","Separated %",0.013
"367",2006,"Yamhill","Single %",0.394
"368",2006,"Yamhill","Joint %",0.479
"369",2006,"Yamhill","Separated %",0.014
"370",2007,"Baker","Single %",0.421
"371",2007,"Baker","Joint %",0.487
"372",2007,"Baker","Separated %",0.014
"373",2007,"Benton","Single %",0.492
"374",2007,"Benton","Joint %",0.431
"375",2007,"Benton","Separated %",0.012
"376",2007,"California","Single %",0.451
"377",2007,"California","Joint %",0.462
"378",2007,"California","Separated %",0.028
"379",2007,"Clackamas","Single %",0.439
"380",2007,"Clackamas","Joint %",0.458
"381",2007,"Clackamas","Separated %",0.014
"382",2007,"Clark Co WA","Single %",0.344
"383",2007,"Clark Co WA","Joint %",0.539
"384",2007,"Clark Co WA","Separated %",0.013
"385",2007,"Clatsop","Single %",0.461
"386",2007,"Clatsop","Joint %",0.422
"387",2007,"Clatsop","Separated %",0.016
"388",2007,"Columbia","Single %",0.394
"389",2007,"Columbia","Joint %",0.498
"390",2007,"Columbia","Separated %",0.012
"391",2007,"Coos","Single %",0.435
"392",2007,"Coos","Joint %",0.447
"393",2007,"Coos","Separated %",0.016
"394",2007,"Crook","Single %",0.366
"395",2007,"Crook","Joint %",0.516
"396",2007,"Crook","Separated %",0.019
"397",2007,"Curry","Single %",0.422
"398",2007,"Curry","Joint %",0.477
"399",2007,"Curry","Separated %",0.019
"400",2007,"Deschutes","Single %",0.439
"401",2007,"Deschutes","Joint %",0.457
"402",2007,"Deschutes","Separated %",0.014
"403",2007,"Douglas","Single %",0.4
"404",2007,"Douglas","Joint %",0.479
"405",2007,"Douglas","Separated %",0.015
"406",2007,"Gilliam","Single %",0.434
"407",2007,"Gilliam","Joint %",0.466
"408",2007,"Gilliam","Separated %",0.023
"409",2007,"Grant","Single %",0.41
"410",2007,"Grant","Joint %",0.502
"411",2007,"Grant","Separated %",0.012
"412",2007,"Harney","Single %",0.409
"413",2007,"Harney","Joint %",0.495
"414",2007,"Harney","Separated %",0.012
"415",2007,"Hood River","Single %",0.431
"416",2007,"Hood River","Joint %",0.448
"417",2007,"Hood River","Separated %",0.012
"418",2007,"Idaho","Single %",0.354
"419",2007,"Idaho","Joint %",0.543
"420",2007,"Idaho","Separated %",0.008
"421",2007,"Jackson","Single %",0.445
"422",2007,"Jackson","Joint %",0.427
"423",2007,"Jackson","Separated %",0.015
"424",2007,"Jefferson","Single %",0.372
"425",2007,"Jefferson","Joint %",0.463
"426",2007,"Jefferson","Separated %",0.015
"427",2007,"Josephine","Single %",0.417
"428",2007,"Josephine","Joint %",0.462
"429",2007,"Josephine","Separated %",0.015
"430",2007,"Klamath","Single %",0.404
"431",2007,"Klamath","Joint %",0.467
"432",2007,"Klamath","Separated %",0.014
"433",2007,"Lake","Single %",0.405
"434",2007,"Lake","Joint %",0.499
"435",2007,"Lake","Separated %",0.012
"436",2007,"Lane","Single %",0.478
"437",2007,"Lane","Joint %",0.407
"438",2007,"Lane","Separated %",0.014
"439",2007,"Lincoln","Single %",0.455
"440",2007,"Lincoln","Joint %",0.428
"441",2007,"Lincoln","Separated %",0.015
"442",2007,"Linn","Single %",0.409
"443",2007,"Linn","Joint %",0.467
"444",2007,"Linn","Separated %",0.015
"445",2007,"Malheur","Single %",0.372
"446",2007,"Malheur","Joint %",0.47
"447",2007,"Malheur","Separated %",0.01
"448",2007,"Marion","Single %",0.42
"449",2007,"Marion","Joint %",0.423
"450",2007,"Marion","Separated %",0.014
"451",2007,"Morrow","Single %",0.327
"452",2007,"Morrow","Joint %",0.506
"453",2007,"Morrow","Separated %",0.014
"454",2007,"Multnomah","Single %",0.55
"455",2007,"Multnomah","Joint %",0.331
"456",2007,"Multnomah","Separated %",0.015
"457",2007,"Other","Single %",0.484
"458",2007,"Other","Joint %",0.438
"459",2007,"Other","Separated %",0.029
"460",2007,"Other Washington","Single %",0.389
"461",2007,"Other Washington","Joint %",0.52
"462",2007,"Other Washington","Separated %",0.015
"463",2007,"Polk","Single %",0.399
"464",2007,"Polk","Joint %",0.487
"465",2007,"Polk","Separated %",0.013
"466",2007,"Sherman","Single %",0.458
"467",2007,"Sherman","Joint %",0.445
"468",2007,"Sherman","Separated %",0.021
"469",2007,"Tillamook","Single %",0.435
"470",2007,"Tillamook","Joint %",0.468
"471",2007,"Tillamook","Separated %",0.013
"472",2007,"Umatilla","Single %",0.385
"473",2007,"Umatilla","Joint %",0.443
"474",2007,"Umatilla","Separated %",0.014
"475",2007,"Union","Single %",0.425
"476",2007,"Union","Joint %",0.482
"477",2007,"Union","Separated %",0.014
"478",2007,"Wallowa","Single %",0.433
"479",2007,"Wallowa","Joint %",0.494
"480",2007,"Wallowa","Separated %",0.009
"481",2007,"Wasco","Single %",0.424
"482",2007,"Wasco","Joint %",0.45
"483",2007,"Wasco","Separated %",0.012
"484",2007,"Washington","Single %",0.451
"485",2007,"Washington","Joint %",0.433
"486",2007,"Washington","Separated %",0.014
"487",2007,"Wheeler","Single %",0.376
"488",2007,"Wheeler","Joint %",0.555
"489",2007,"Wheeler","Separated %",0.007
"490",2007,"Yamhill","Single %",0.399
"491",2007,"Yamhill","Joint %",0.473
"492",2007,"Yamhill","Separated %",0.015
"493",2008,"Baker","Single %",0.411
"494",2008,"Baker","Joint %",0.493
"495",2008,"Baker","Separated %",0.013
"496",2008,"Benton","Single %",0.489
"497",2008,"Benton","Joint %",0.433
"498",2008,"Benton","Separated %",0.012
"499",2008,"California","Single %",0.45
"500",2008,"California","Joint %",0.457
"501",2008,"California","Separated %",0.031
"502",2008,"Clackamas","Single %",0.433
"503",2008,"Clackamas","Joint %",0.463
"504",2008,"Clackamas","Separated %",0.014
"505",2008,"Clark Co WA","Single %",0.339
"506",2008,"Clark Co WA","Joint %",0.545
"507",2008,"Clark Co WA","Separated %",0.012
"508",2008,"Clatsop","Single %",0.457
"509",2008,"Clatsop","Joint %",0.426
"510",2008,"Clatsop","Separated %",0.015
"511",2008,"Columbia","Single %",0.389
"512",2008,"Columbia","Joint %",0.501
"513",2008,"Columbia","Separated %",0.012
"514",2008,"Coos","Single %",0.432
"515",2008,"Coos","Joint %",0.449
"516",2008,"Coos","Separated %",0.016
"517",2008,"Crook","Single %",0.356
"518",2008,"Crook","Joint %",0.526
"519",2008,"Crook","Separated %",0.018
"520",2008,"Curry","Single %",0.427
"521",2008,"Curry","Joint %",0.472
"522",2008,"Curry","Separated %",0.017
"523",2008,"Deschutes","Single %",0.427
"524",2008,"Deschutes","Joint %",0.465
"525",2008,"Deschutes","Separated %",0.016
"526",2008,"Douglas","Single %",0.397
"527",2008,"Douglas","Joint %",0.484
"528",2008,"Douglas","Separated %",0.014
"529",2008,"Gilliam","Single %",0.44
"530",2008,"Gilliam","Joint %",0.454
"531",2008,"Gilliam","Separated %",0.027
"532",2008,"Grant","Single %",0.397
"533",2008,"Grant","Joint %",0.514
"534",2008,"Grant","Separated %",0.012
"535",2008,"Harney","Single %",0.402
"536",2008,"Harney","Joint %",0.497
"537",2008,"Harney","Separated %",0.009
"538",2008,"Hood River","Single %",0.426
"539",2008,"Hood River","Joint %",0.451
"540",2008,"Hood River","Separated %",0.012
"541",2008,"Idaho","Single %",0.355
"542",2008,"Idaho","Joint %",0.543
"543",2008,"Idaho","Separated %",0.008
"544",2008,"Jackson","Single %",0.434
"545",2008,"Jackson","Joint %",0.434
"546",2008,"Jackson","Separated %",0.014
"547",2008,"Jefferson","Single %",0.359
"548",2008,"Jefferson","Joint %",0.469
"549",2008,"Jefferson","Separated %",0.016
"550",2008,"Josephine","Single %",0.409
"551",2008,"Josephine","Joint %",0.47
"552",2008,"Josephine","Separated %",0.015
"553",2008,"Klamath","Single %",0.404
"554",2008,"Klamath","Joint %",0.469
"555",2008,"Klamath","Separated %",0.014
"556",2008,"Lake","Single %",0.4
"557",2008,"Lake","Joint %",0.502
"558",2008,"Lake","Separated %",0.018
"559",2008,"Lane","Single %",0.472
"560",2008,"Lane","Joint %",0.413
"561",2008,"Lane","Separated %",0.014
"562",2008,"Lincoln","Single %",0.451
"563",2008,"Lincoln","Joint %",0.43
"564",2008,"Lincoln","Separated %",0.015
"565",2008,"Linn","Single %",0.409
"566",2008,"Linn","Joint %",0.469
"567",2008,"Linn","Separated %",0.014
"568",2008,"Malheur","Single %",0.367
"569",2008,"Malheur","Joint %",0.471
"570",2008,"Malheur","Separated %",0.012
"571",2008,"Marion","Single %",0.418
"572",2008,"Marion","Joint %",0.427
"573",2008,"Marion","Separated %",0.015
"574",2008,"Morrow","Single %",0.329
"575",2008,"Morrow","Joint %",0.504
"576",2008,"Morrow","Separated %",0.014
"577",2008,"Multnomah","Single %",0.546
"578",2008,"Multnomah","Joint %",0.335
"579",2008,"Multnomah","Separated %",0.015
"580",2008,"Other","Single %",0.491
"581",2008,"Other","Joint %",0.429
"582",2008,"Other","Separated %",0.03
"583",2008,"Other Washington","Single %",0.384
"584",2008,"Other Washington","Joint %",0.521
"585",2008,"Other Washington","Separated %",0.015
"586",2008,"Polk","Single %",0.396
"587",2008,"Polk","Joint %",0.49
"588",2008,"Polk","Separated %",0.013
"589",2008,"Sherman","Single %",0.479
"590",2008,"Sherman","Joint %",0.437
"591",2008,"Sherman","Separated %",0.017
"592",2008,"Tillamook","Single %",0.428
"593",2008,"Tillamook","Joint %",0.471
"594",2008,"Tillamook","Separated %",0.014
"595",2008,"Umatilla","Single %",0.383
"596",2008,"Umatilla","Joint %",0.442
"597",2008,"Umatilla","Separated %",0.014
"598",2008,"Union","Single %",0.422
"599",2008,"Union","Joint %",0.488
"600",2008,"Union","Separated %",0.011
"601",2008,"Wallowa","Single %",0.423
"602",2008,"Wallowa","Joint %",0.503
"603",2008,"Wallowa","Separated %",0.011
"604",2008,"Wasco","Single %",0.418
"605",2008,"Wasco","Joint %",0.452
"606",2008,"Wasco","Separated %",0.015
"607",2008,"Washington","Single %",0.446
"608",2008,"Washington","Joint %",0.437
"609",2008,"Washington","Separated %",0.014
"610",2008,"Wheeler","Single %",0.381
"611",2008,"Wheeler","Joint %",0.551
"612",2008,"Wheeler","Separated %",0.007
"613",2008,"Yamhill","Single %",0.397
"614",2008,"Yamhill","Joint %",0.476
"615",2008,"Yamhill","Separated %",0.015
"616",2009,"Baker","Single %",0.408
"617",2009,"Baker","Joint %",0.495
"618",2009,"Baker","Separated %",0.015
"619",2009,"Benton","Single %",0.482
"620",2009,"Benton","Joint %",0.442
"621",2009,"Benton","Separated %",0.012
"622",2009,"California","Single %",0.44
"623",2009,"California","Joint %",0.47
"624",2009,"California","Separated %",0.028
"625",2009,"Clackamas","Single %",0.424
"626",2009,"Clackamas","Joint %",0.47
"627",2009,"Clackamas","Separated %",0.014
"628",2009,"Clark Co WA","Single %",0.328
"629",2009,"Clark Co WA","Joint %",0.557
"630",2009,"Clark Co WA","Separated %",0.012
"631",2009,"Clatsop","Single %",0.457
"632",2009,"Clatsop","Joint %",0.427
"633",2009,"Clatsop","Separated %",0.015
"634",2009,"Columbia","Single %",0.376
"635",2009,"Columbia","Joint %",0.511
"636",2009,"Columbia","Separated %",0.013
"637",2009,"Coos","Single %",0.42
"638",2009,"Coos","Joint %",0.458
"639",2009,"Coos","Separated %",0.016
"640",2009,"Crook","Single %",0.348
"641",2009,"Crook","Joint %",0.533
"642",2009,"Crook","Separated %",0.019
"643",2009,"Curry","Single %",0.43
"644",2009,"Curry","Joint %",0.472
"645",2009,"Curry","Separated %",0.015
"646",2009,"Deschutes","Single %",0.416
"647",2009,"Deschutes","Joint %",0.475
"648",2009,"Deschutes","Separated %",0.016
"649",2009,"Douglas","Single %",0.39
"650",2009,"Douglas","Joint %",0.488
"651",2009,"Douglas","Separated %",0.014
"652",2009,"Gilliam","Single %",0.421
"653",2009,"Gilliam","Joint %",0.455
"654",2009,"Gilliam","Separated %",0.032
"655",2009,"Grant","Single %",0.392
"656",2009,"Grant","Joint %",0.513
"657",2009,"Grant","Separated %",0.016
"658",2009,"Harney","Single %",0.392
"659",2009,"Harney","Joint %",0.507
"660",2009,"Harney","Separated %",0.01
"661",2009,"Hood River","Single %",0.42
"662",2009,"Hood River","Joint %",0.452
"663",2009,"Hood River","Separated %",0.011
"664",2009,"Idaho","Single %",0.343
"665",2009,"Idaho","Joint %",0.552
"666",2009,"Idaho","Separated %",0.009
"667",2009,"Jackson","Single %",0.424
"668",2009,"Jackson","Joint %",0.44
"669",2009,"Jackson","Separated %",0.015
"670",2009,"Jefferson","Single %",0.348
"671",2009,"Jefferson","Joint %",0.477
"672",2009,"Jefferson","Separated %",0.016
"673",2009,"Josephine","Single %",0.403
"674",2009,"Josephine","Joint %",0.474
"675",2009,"Josephine","Separated %",0.017
"676",2009,"Klamath","Single %",0.399
"677",2009,"Klamath","Joint %",0.473
"678",2009,"Klamath","Separated %",0.015
"679",2009,"Lake","Single %",0.396
"680",2009,"Lake","Joint %",0.507
"681",2009,"Lake","Separated %",0.019
"682",2009,"Lane","Single %",0.464
"683",2009,"Lane","Joint %",0.42
"684",2009,"Lane","Separated %",0.014
"685",2009,"Lincoln","Single %",0.448
"686",2009,"Lincoln","Joint %",0.435
"687",2009,"Lincoln","Separated %",0.015
"688",2009,"Linn","Single %",0.399
"689",2009,"Linn","Joint %",0.476
"690",2009,"Linn","Separated %",0.015
"691",2009,"Malheur","Single %",0.361
"692",2009,"Malheur","Joint %",0.478
"693",2009,"Malheur","Separated %",0.01
"694",2009,"Marion","Single %",0.409
"695",2009,"Marion","Joint %",0.434
"696",2009,"Marion","Separated %",0.014
"697",2009,"Morrow","Single %",0.325
"698",2009,"Morrow","Joint %",0.499
"699",2009,"Morrow","Separated %",0.013
"700",2009,"Multnomah","Single %",0.54
"701",2009,"Multnomah","Joint %",0.342
"702",2009,"Multnomah","Separated %",0.016
"703",2009,"Other","Single %",0.474
"704",2009,"Other","Joint %",0.446
"705",2009,"Other","Separated %",0.03
"706",2009,"Other Washington","Single %",0.372
"707",2009,"Other Washington","Joint %",0.534
"708",2009,"Other Washington","Separated %",0.015
"709",2009,"Polk","Single %",0.392
"710",2009,"Polk","Joint %",0.493
"711",2009,"Polk","Separated %",0.014
"712",2009,"Sherman","Single %",0.468
"713",2009,"Sherman","Joint %",0.437
"714",2009,"Sherman","Separated %",0.014
"715",2009,"Tillamook","Single %",0.421
"716",2009,"Tillamook","Joint %",0.478
"717",2009,"Tillamook","Separated %",0.013
"718",2009,"Umatilla","Single %",0.379
"719",2009,"Umatilla","Joint %",0.443
"720",2009,"Umatilla","Separated %",0.013
"721",2009,"Union","Single %",0.419
"722",2009,"Union","Joint %",0.489
"723",2009,"Union","Separated %",0.012
"724",2009,"Wallowa","Single %",0.422
"725",2009,"Wallowa","Joint %",0.505
"726",2009,"Wallowa","Separated %",0.012
"727",2009,"Wasco","Single %",0.419
"728",2009,"Wasco","Joint %",0.451
"729",2009,"Wasco","Separated %",0.012
"730",2009,"Washington","Single %",0.435
"731",2009,"Washington","Joint %",0.446
"732",2009,"Washington","Separated %",0.015
"733",2009,"Wheeler","Single %",0.397
"734",2009,"Wheeler","Joint %",0.536
"735",2009,"Wheeler","Separated %",0.009
"736",2009,"Yamhill","Single %",0.388
"737",2009,"Yamhill","Joint %",0.484
"738",2009,"Yamhill","Separated %",0.015
"739",2010,"Baker","Single %",0.404
"740",2010,"Baker","Joint %",0.492
"741",2010,"Baker","Separated %",0.016
"742",2010,"Benton","Single %",0.48
"743",2010,"Benton","Joint %",0.441
"744",2010,"Benton","Separated %",0.013
"745",2010,"California","Single %",0.442
"746",2010,"California","Joint %",0.471
"747",2010,"California","Separated %",0.023
"748",2010,"Clackamas","Single %",0.426
"749",2010,"Clackamas","Joint %",0.466
"750",2010,"Clackamas","Separated %",0.015
"751",2010,"Clark Co WA","Single %",0.33
"752",2010,"Clark Co WA","Joint %",0.55
"753",2010,"Clark Co WA","Separated %",0.012
"754",2010,"Clatsop","Single %",0.454
"755",2010,"Clatsop","Joint %",0.426
"756",2010,"Clatsop","Separated %",0.015
"757",2010,"Columbia","Single %",0.378
"758",2010,"Columbia","Joint %",0.506
"759",2010,"Columbia","Separated %",0.014
"760",2010,"Coos","Single %",0.423
"761",2010,"Coos","Joint %",0.451
"762",2010,"Coos","Separated %",0.016
"763",2010,"Crook","Single %",0.35
"764",2010,"Crook","Joint %",0.536
"765",2010,"Crook","Separated %",0.014
"766",2010,"Curry","Single %",0.428
"767",2010,"Curry","Joint %",0.47
"768",2010,"Curry","Separated %",0.016
"769",2010,"Deschutes","Single %",0.416
"770",2010,"Deschutes","Joint %",0.472
"771",2010,"Deschutes","Separated %",0.016
"772",2010,"Douglas","Single %",0.393
"773",2010,"Douglas","Joint %",0.484
"774",2010,"Douglas","Separated %",0.014
"775",2010,"Gilliam","Single %",0.429
"776",2010,"Gilliam","Joint %",0.457
"777",2010,"Gilliam","Separated %",0.027
"778",2010,"Grant","Single %",0.397
"779",2010,"Grant","Joint %",0.511
"780",2010,"Grant","Separated %",0.012
"781",2010,"Harney","Single %",0.397
"782",2010,"Harney","Joint %",0.494
"783",2010,"Harney","Separated %",0.009
"784",2010,"Hood River","Single %",0.414
"785",2010,"Hood River","Joint %",0.446
"786",2010,"Hood River","Separated %",0.011
"787",2010,"Idaho","Single %",0.34
"788",2010,"Idaho","Joint %",0.554
"789",2010,"Idaho","Separated %",0.007
"790",2010,"Jackson","Single %",0.425
"791",2010,"Jackson","Joint %",0.436
"792",2010,"Jackson","Separated %",0.016
"793",2010,"Jefferson","Single %",0.353
"794",2010,"Jefferson","Joint %",0.468
"795",2010,"Jefferson","Separated %",0.017
"796",2010,"Josephine","Single %",0.41
"797",2010,"Josephine","Joint %",0.468
"798",2010,"Josephine","Separated %",0.015
"799",2010,"Klamath","Single %",0.399
"800",2010,"Klamath","Joint %",0.467
"801",2010,"Klamath","Separated %",0.015
"802",2010,"Lake","Single %",0.406
"803",2010,"Lake","Joint %",0.491
"804",2010,"Lake","Separated %",0.018
"805",2010,"Lane","Single %",0.466
"806",2010,"Lane","Joint %",0.416
"807",2010,"Lane","Separated %",0.015
"808",2010,"Lincoln","Single %",0.441
"809",2010,"Lincoln","Joint %",0.434
"810",2010,"Lincoln","Separated %",0.016
"811",2010,"Linn","Single %",0.401
"812",2010,"Linn","Joint %",0.471
"813",2010,"Linn","Separated %",0.014
"814",2010,"Malheur","Single %",0.36
"815",2010,"Malheur","Joint %",0.472
"816",2010,"Malheur","Separated %",0.011
"817",2010,"Marion","Single %",0.407
"818",2010,"Marion","Joint %",0.43
"819",2010,"Marion","Separated %",0.014
"820",2010,"Morrow","Single %",0.327
"821",2010,"Morrow","Joint %",0.489
"822",2010,"Morrow","Separated %",0.012
"823",2010,"Multnomah","Single %",0.54
"824",2010,"Multnomah","Joint %",0.34
"825",2010,"Multnomah","Separated %",0.016
"826",2010,"Other","Single %",0.469
"827",2010,"Other","Joint %",0.45
"828",2010,"Other","Separated %",0.03
"829",2010,"Other Washington","Single %",0.38
"830",2010,"Other Washington","Joint %",0.527
"831",2010,"Other Washington","Separated %",0.014
"832",2010,"Polk","Single %",0.393
"833",2010,"Polk","Joint %",0.489
"834",2010,"Polk","Separated %",0.015
"835",2010,"Sherman","Single %",0.478
"836",2010,"Sherman","Joint %",0.436
"837",2010,"Sherman","Separated %",0.012
"838",2010,"Tillamook","Single %",0.426
"839",2010,"Tillamook","Joint %",0.47
"840",2010,"Tillamook","Separated %",0.015
"841",2010,"Umatilla","Single %",0.377
"842",2010,"Umatilla","Joint %",0.436
"843",2010,"Umatilla","Separated %",0.015
"844",2010,"Union","Single %",0.422
"845",2010,"Union","Joint %",0.484
"846",2010,"Union","Separated %",0.014
"847",2010,"Wallowa","Single %",0.414
"848",2010,"Wallowa","Joint %",0.506
"849",2010,"Wallowa","Separated %",0.012
"850",2010,"Wasco","Single %",0.42
"851",2010,"Wasco","Joint %",0.444
"852",2010,"Wasco","Separated %",0.014
"853",2010,"Washington","Single %",0.435
"854",2010,"Washington","Joint %",0.443
"855",2010,"Washington","Separated %",0.016
"856",2010,"Wheeler","Single %",0.395
"857",2010,"Wheeler","Joint %",0.528
"858",2010,"Wheeler","Separated %",0.013
"859",2010,"Yamhill","Single %",0.388
"860",2010,"Yamhill","Joint %",0.48
"861",2010,"Yamhill","Separated %",0.015
"862",2011,"Baker","Single %",0.413
"863",2011,"Baker","Joint %",0.483
"864",2011,"Baker","Separated %",0.015
"865",2011,"Benton","Single %",0.485
"866",2011,"Benton","Joint %",0.437
"867",2011,"Benton","Separated %",0.014
"868",2011,"California","Single %",0.454
"869",2011,"California","Joint %",0.458
"870",2011,"California","Separated %",0.024
"871",2011,"Clackamas","Single %",0.434
"872",2011,"Clackamas","Joint %",0.459
"873",2011,"Clackamas","Separated %",0.016
"874",2011,"Clark Co WA","Single %",0.342
"875",2011,"Clark Co WA","Joint %",0.536
"876",2011,"Clark Co WA","Separated %",0.012
"877",2011,"Clatsop","Single %",0.459
"878",2011,"Clatsop","Joint %",0.42
"879",2011,"Clatsop","Separated %",0.015
"880",2011,"Columbia","Single %",0.384
"881",2011,"Columbia","Joint %",0.502
"882",2011,"Columbia","Separated %",0.013
"883",2011,"Coos","Single %",0.432
"884",2011,"Coos","Joint %",0.441
"885",2011,"Coos","Separated %",0.016
"886",2011,"Crook","Single %",0.355
"887",2011,"Crook","Joint %",0.536
"888",2011,"Crook","Separated %",0.015
"889",2011,"Curry","Single %",0.437
"890",2011,"Curry","Joint %",0.463
"891",2011,"Curry","Separated %",0.015
"892",2011,"Deschutes","Single %",0.424
"893",2011,"Deschutes","Joint %",0.466
"894",2011,"Deschutes","Separated %",0.015
"895",2011,"Douglas","Single %",0.398
"896",2011,"Douglas","Joint %",0.478
"897",2011,"Douglas","Separated %",0.016
"898",2011,"Gilliam","Single %",0.409
"899",2011,"Gilliam","Joint %",0.484
"900",2011,"Gilliam","Separated %",0.025
"901",2011,"Grant","Single %",0.404
"902",2011,"Grant","Joint %",0.505
"903",2011,"Grant","Separated %",0.013
"904",2011,"Harney","Single %",0.397
"905",2011,"Harney","Joint %",0.495
"906",2011,"Harney","Separated %",0.014
"907",2011,"Hood River","Single %",0.412
"908",2011,"Hood River","Joint %",0.441
"909",2011,"Hood River","Separated %",0.011
"910",2011,"Idaho","Single %",0.344
"911",2011,"Idaho","Joint %",0.55
"912",2011,"Idaho","Separated %",0.008
"913",2011,"Jackson","Single %",0.429
"914",2011,"Jackson","Joint %",0.431
"915",2011,"Jackson","Separated %",0.017
"916",2011,"Jefferson","Single %",0.37
"917",2011,"Jefferson","Joint %",0.456
"918",2011,"Jefferson","Separated %",0.015
"919",2011,"Josephine","Single %",0.416
"920",2011,"Josephine","Joint %",0.46
"921",2011,"Josephine","Separated %",0.015
"922",2011,"Klamath","Single %",0.407
"923",2011,"Klamath","Joint %",0.458
"924",2011,"Klamath","Separated %",0.016
"925",2011,"Lake","Single %",0.408
"926",2011,"Lake","Joint %",0.488
"927",2011,"Lake","Separated %",0.021
"928",2011,"Lane","Single %",0.471
"929",2011,"Lane","Joint %",0.411
"930",2011,"Lane","Separated %",0.015
"931",2011,"Lincoln","Single %",0.454
"932",2011,"Lincoln","Joint %",0.425
"933",2011,"Lincoln","Separated %",0.017
"934",2011,"Linn","Single %",0.406
"935",2011,"Linn","Joint %",0.467
"936",2011,"Linn","Separated %",0.016
"937",2011,"Malheur","Single %",0.369
"938",2011,"Malheur","Joint %",0.468
"939",2011,"Malheur","Separated %",0.01
"940",2011,"Marion","Single %",0.412
"941",2011,"Marion","Joint %",0.425
"942",2011,"Marion","Separated %",0.014
"943",2011,"Morrow","Single %",0.336
"944",2011,"Morrow","Joint %",0.474
"945",2011,"Morrow","Separated %",0.014
"946",2011,"Multnomah","Single %",0.546
"947",2011,"Multnomah","Joint %",0.335
"948",2011,"Multnomah","Separated %",0.017
"949",2011,"Other","Single %",0.476
"950",2011,"Other","Joint %",0.443
"951",2011,"Other","Separated %",0.031
"952",2011,"Other Washington","Single %",0.385
"953",2011,"Other Washington","Joint %",0.519
"954",2011,"Other Washington","Separated %",0.014
"955",2011,"Polk","Single %",0.397
"956",2011,"Polk","Joint %",0.483
"957",2011,"Polk","Separated %",0.014
"958",2011,"Sherman","Single %",0.482
"959",2011,"Sherman","Joint %",0.43
"960",2011,"Sherman","Separated %",0.007
"961",2011,"Tillamook","Single %",0.428
"962",2011,"Tillamook","Joint %",0.466
"963",2011,"Tillamook","Separated %",0.013
"964",2011,"Umatilla","Single %",0.383
"965",2011,"Umatilla","Joint %",0.428
"966",2011,"Umatilla","Separated %",0.014
"967",2011,"Union","Single %",0.426
"968",2011,"Union","Joint %",0.478
"969",2011,"Union","Separated %",0.015
"970",2011,"Wallowa","Single %",0.408
"971",2011,"Wallowa","Joint %",0.511
"972",2011,"Wallowa","Separated %",0.016
"973",2011,"Wasco","Single %",0.422
"974",2011,"Wasco","Joint %",0.435
"975",2011,"Wasco","Separated %",0.015
"976",2011,"Washington","Single %",0.441
"977",2011,"Washington","Joint %",0.437
"978",2011,"Washington","Separated %",0.017
"979",2011,"Wheeler","Single %",0.397
"980",2011,"Wheeler","Joint %",0.531
"981",2011,"Wheeler","Separated %",0.009
"982",2011,"Yamhill","Single %",0.394
"983",2011,"Yamhill","Joint %",0.472
"984",2011,"Yamhill","Separated %",0.016
"985",2012,"Baker","Single %",0.423
"986",2012,"Baker","Joint %",0.476
"987",2012,"Baker","Separated %",0.014
"988",2012,"Benton","Single %",0.486
"989",2012,"Benton","Joint %",0.437
"990",2012,"Benton","Separated %",0.014
"991",2012,"California","Single %",0.457
"992",2012,"California","Joint %",0.457
"993",2012,"California","Separated %",0.024
"994",2012,"Clackamas","Single %",0.435
"995",2012,"Clackamas","Joint %",0.457
"996",2012,"Clackamas","Separated %",0.017
"997",2012,"Clark Co WA","Single %",0.347
"998",2012,"Clark Co WA","Joint %",0.528
"999",2012,"Clark Co WA","Separated %",0.012
"1000",2012,"Clatsop","Single %",0.462
"1001",2012,"Clatsop","Joint %",0.414
"1002",2012,"Clatsop","Separated %",0.018
"1003",2012,"Columbia","Single %",0.39
"1004",2012,"Columbia","Joint %",0.493
"1005",2012,"Columbia","Separated %",0.014
"1006",2012,"Coos","Single %",0.433
"1007",2012,"Coos","Joint %",0.442
"1008",2012,"Coos","Separated %",0.015
"1009",2012,"Crook","Single %",0.366
"1010",2012,"Crook","Joint %",0.526
"1011",2012,"Crook","Separated %",0.016
"1012",2012,"Curry","Single %",0.443
"1013",2012,"Curry","Joint %",0.459
"1014",2012,"Curry","Separated %",0.015
"1015",2012,"Deschutes","Single %",0.428
"1016",2012,"Deschutes","Joint %",0.462
"1017",2012,"Deschutes","Separated %",0.017
"1018",2012,"Douglas","Single %",0.4
"1019",2012,"Douglas","Joint %",0.472
"1020",2012,"Douglas","Separated %",0.016
"1021",2012,"Gilliam","Single %",0.408
"1022",2012,"Gilliam","Joint %",0.485
"1023",2012,"Gilliam","Separated %",0.026
"1024",2012,"Grant","Single %",0.404
"1025",2012,"Grant","Joint %",0.506
"1026",2012,"Grant","Separated %",0.013
"1027",2012,"Harney","Single %",0.4
"1028",2012,"Harney","Joint %",0.499
"1029",2012,"Harney","Separated %",0.007
"1030",2012,"Hood River","Single %",0.415
"1031",2012,"Hood River","Joint %",0.433
"1032",2012,"Hood River","Separated %",0.013
"1033",2012,"Idaho","Single %",0.348
"1034",2012,"Idaho","Joint %",0.55
"1035",2012,"Idaho","Separated %",0.008
"1036",2012,"Jackson","Single %",0.433
"1037",2012,"Jackson","Joint %",0.429
"1038",2012,"Jackson","Separated %",0.017
"1039",2012,"Jefferson","Single %",0.369
"1040",2012,"Jefferson","Joint %",0.452
"1041",2012,"Jefferson","Separated %",0.017
"1042",2012,"Josephine","Single %",0.421
"1043",2012,"Josephine","Joint %",0.453
"1044",2012,"Josephine","Separated %",0.017
"1045",2012,"Klamath","Single %",0.408
"1046",2012,"Klamath","Joint %",0.455
"1047",2012,"Klamath","Separated %",0.016
"1048",2012,"Lake","Single %",0.403
"1049",2012,"Lake","Joint %",0.496
"1050",2012,"Lake","Separated %",0.02
"1051",2012,"Lane","Single %",0.475
"1052",2012,"Lane","Joint %",0.406
"1053",2012,"Lane","Separated %",0.016
"1054",2012,"Lincoln","Single %",0.455
"1055",2012,"Lincoln","Joint %",0.425
"1056",2012,"Lincoln","Separated %",0.016
"1057",2012,"Linn","Single %",0.412
"1058",2012,"Linn","Joint %",0.462
"1059",2012,"Linn","Separated %",0.016
"1060",2012,"Malheur","Single %",0.37
"1061",2012,"Malheur","Joint %",0.463
"1062",2012,"Malheur","Separated %",0.011
"1063",2012,"Marion","Single %",0.414
"1064",2012,"Marion","Joint %",0.421
"1065",2012,"Marion","Separated %",0.015
"1066",2012,"Morrow","Single %",0.332
"1067",2012,"Morrow","Joint %",0.469
"1068",2012,"Morrow","Separated %",0.01
"1069",2012,"Multnomah","Single %",0.548
"1070",2012,"Multnomah","Joint %",0.333
"1071",2012,"Multnomah","Separated %",0.019
"1072",2012,"Other","Single %",0.475
"1073",2012,"Other","Joint %",0.445
"1074",2012,"Other","Separated %",0.03
"1075",2012,"Other Washington","Single %",0.393
"1076",2012,"Other Washington","Joint %",0.512
"1077",2012,"Other Washington","Separated %",0.014
"1078",2012,"Polk","Single %",0.396
"1079",2012,"Polk","Joint %",0.478
"1080",2012,"Polk","Separated %",0.017
"1081",2012,"Sherman","Single %",0.485
"1082",2012,"Sherman","Joint %",0.433
"1083",2012,"Sherman","Separated %",0.01
"1084",2012,"Tillamook","Single %",0.434
"1085",2012,"Tillamook","Joint %",0.46
"1086",2012,"Tillamook","Separated %",0.014
"1087",2012,"Umatilla","Single %",0.386
"1088",2012,"Umatilla","Joint %",0.423
"1089",2012,"Umatilla","Separated %",0.014
"1090",2012,"Union","Single %",0.432
"1091",2012,"Union","Joint %",0.474
"1092",2012,"Union","Separated %",0.014
"1093",2012,"Wallowa","Single %",0.418
"1094",2012,"Wallowa","Joint %",0.504
"1095",2012,"Wallowa","Separated %",0.014
"1096",2012,"Wasco","Single %",0.425
"1097",2012,"Wasco","Joint %",0.43
"1098",2012,"Wasco","Separated %",0.013
"1099",2012,"Washington","Single %",0.443
"1100",2012,"Washington","Joint %",0.434
"1101",2012,"Washington","Separated %",0.018
"1102",2012,"Wheeler","Single %",0.382
"1103",2012,"Wheeler","Joint %",0.541
"1104",2012,"Wheeler","Separated %",0.011
"1105",2012,"Yamhill","Single %",0.397
"1106",2012,"Yamhill","Joint %",0.471
"1107",2012,"Yamhill","Separated %",0.014
"1108",2013,"Baker","Single %",0.423
"1109",2013,"Baker","Joint %",0.476
"1110",2013,"Baker","Separated %",0.013
"1111",2013,"Benton","Single %",0.496
"1112",2013,"Benton","Joint %",0.427
"1113",2013,"Benton","Separated %",0.015
"1114",2013,"California","Single %",0.458
"1115",2013,"California","Joint %",0.452
"1116",2013,"California","Separated %",0.025
"1117",2013,"Clackamas","Single %",0.442
"1118",2013,"Clackamas","Joint %",0.45
"1119",2013,"Clackamas","Separated %",0.017
"1120",2013,"Clark Co WA","Single %",0.351
"1121",2013,"Clark Co WA","Joint %",0.521
"1122",2013,"Clark Co WA","Separated %",0.011
"1123",2013,"Clatsop","Single %",0.469
"1124",2013,"Clatsop","Joint %",0.411
"1125",2013,"Clatsop","Separated %",0.015
"1126",2013,"Columbia","Single %",0.395
"1127",2013,"Columbia","Joint %",0.487
"1128",2013,"Columbia","Separated %",0.015
"1129",2013,"Coos","Single %",0.437
"1130",2013,"Coos","Joint %",0.438
"1131",2013,"Coos","Separated %",0.016
"1132",2013,"Crook","Single %",0.367
"1133",2013,"Crook","Joint %",0.522
"1134",2013,"Crook","Separated %",0.018
"1135",2013,"Curry","Single %",0.45
"1136",2013,"Curry","Joint %",0.452
"1137",2013,"Curry","Separated %",0.013
"1138",2013,"Deschutes","Single %",0.438
"1139",2013,"Deschutes","Joint %",0.455
"1140",2013,"Deschutes","Separated %",0.016
"1141",2013,"Douglas","Single %",0.407
"1142",2013,"Douglas","Joint %",0.465
"1143",2013,"Douglas","Separated %",0.015
"1144",2013,"Gilliam","Single %",0.408
"1145",2013,"Gilliam","Joint %",0.482
"1146",2013,"Gilliam","Separated %",0.02
"1147",2013,"Grant","Single %",0.414
"1148",2013,"Grant","Joint %",0.499
"1149",2013,"Grant","Separated %",0.013
"1150",2013,"Harney","Single %",0.405
"1151",2013,"Harney","Joint %",0.499
"1152",2013,"Harney","Separated %",0.008
"1153",2013,"Hood River","Single %",0.423
"1154",2013,"Hood River","Joint %",0.426
"1155",2013,"Hood River","Separated %",0.013
"1156",2013,"Idaho","Single %",0.357
"1157",2013,"Idaho","Joint %",0.542
"1158",2013,"Idaho","Separated %",0.009
"1159",2013,"Jackson","Single %",0.443
"1160",2013,"Jackson","Joint %",0.422
"1161",2013,"Jackson","Separated %",0.016
"1162",2013,"Jefferson","Single %",0.379
"1163",2013,"Jefferson","Joint %",0.445
"1164",2013,"Jefferson","Separated %",0.018
"1165",2013,"Josephine","Single %",0.421
"1166",2013,"Josephine","Joint %",0.455
"1167",2013,"Josephine","Separated %",0.015
"1168",2013,"Klamath","Single %",0.414
"1169",2013,"Klamath","Joint %",0.448
"1170",2013,"Klamath","Separated %",0.015
"1171",2013,"Lake","Single %",0.401
"1172",2013,"Lake","Joint %",0.493
"1173",2013,"Lake","Separated %",0.014
"1174",2013,"Lane","Single %",0.48
"1175",2013,"Lane","Joint %",0.4
"1176",2013,"Lane","Separated %",0.016
"1177",2013,"Lincoln","Single %",0.457
"1178",2013,"Lincoln","Joint %",0.419
"1179",2013,"Lincoln","Separated %",0.018
"1180",2013,"Linn","Single %",0.417
"1181",2013,"Linn","Joint %",0.457
"1182",2013,"Linn","Separated %",0.015
"1183",2013,"Malheur","Single %",0.379
"1184",2013,"Malheur","Joint %",0.453
"1185",2013,"Malheur","Separated %",0.01
"1186",2013,"Marion","Single %",0.422
"1187",2013,"Marion","Joint %",0.414
"1188",2013,"Marion","Separated %",0.014
"1189",2013,"Morrow","Single %",0.345
"1190",2013,"Morrow","Joint %",0.463
"1191",2013,"Morrow","Separated %",0.013
"1192",2013,"Multnomah","Single %",0.552
"1193",2013,"Multnomah","Joint %",0.33
"1194",2013,"Multnomah","Separated %",0.018
"1195",2013,"Other","Single %",0.473
"1196",2013,"Other","Joint %",0.449
"1197",2013,"Other","Separated %",0.03
"1198",2013,"Other Washington","Single %",0.394
"1199",2013,"Other Washington","Joint %",0.506
"1200",2013,"Other Washington","Separated %",0.014
"1201",2013,"Polk","Single %",0.404
"1202",2013,"Polk","Joint %",0.474
"1203",2013,"Polk","Separated %",0.014
"1204",2013,"Sherman","Single %",0.477
"1205",2013,"Sherman","Joint %",0.444
"1206",2013,"Sherman","Separated %",0.012
"1207",2013,"Tillamook","Single %",0.44
"1208",2013,"Tillamook","Joint %",0.455
"1209",2013,"Tillamook","Separated %",0.015
"1210",2013,"Umatilla","Single %",0.391
"1211",2013,"Umatilla","Joint %",0.415
"1212",2013,"Umatilla","Separated %",0.015
"1213",2013,"Union","Single %",0.429
"1214",2013,"Union","Joint %",0.476
"1215",2013,"Union","Separated %",0.012
"1216",2013,"Wallowa","Single %",0.419
"1217",2013,"Wallowa","Joint %",0.506
"1218",2013,"Wallowa","Separated %",0.014
"1219",2013,"Wasco","Single %",0.427
"1220",2013,"Wasco","Joint %",0.424
"1221",2013,"Wasco","Separated %",0.014
"1222",2013,"Washington","Single %",0.45
"1223",2013,"Washington","Joint %",0.429
"1224",2013,"Washington","Separated %",0.016
"1225",2013,"Wheeler","Single %",0.384
"1226",2013,"Wheeler","Joint %",0.539
"1227",2013,"Wheeler","Separated %",0.012
"1228",2013,"Yamhill","Single %",0.405
"1229",2013,"Yamhill","Joint %",0.462
"1230",2013,"Yamhill","Separated %",0.015
"1231",2014,"Baker","Single %",0.431
"1232",2014,"Baker","Joint %",0.468
"1233",2014,"Baker","Separated %",0.013
"1234",2014,"Benton","Single %",0.503
"1235",2014,"Benton","Joint %",0.419
"1236",2014,"Benton","Separated %",0.016
"1237",2014,"California","Single %",0.463
"1238",2014,"California","Joint %",0.447
"1239",2014,"California","Separated %",0.026
"1240",2014,"Clackamas","Single %",0.447
"1241",2014,"Clackamas","Joint %",0.446
"1242",2014,"Clackamas","Separated %",0.017
"1243",2014,"Clark Co WA","Single %",0.363
"1244",2014,"Clark Co WA","Joint %",0.507
"1245",2014,"Clark Co WA","Separated %",0.012
"1246",2014,"Clatsop","Single %",0.475
"1247",2014,"Clatsop","Joint %",0.403
"1248",2014,"Clatsop","Separated %",0.016
"1249",2014,"Columbia","Single %",0.408
"1250",2014,"Columbia","Joint %",0.475
"1251",2014,"Columbia","Separated %",0.015
"1252",2014,"Coos","Single %",0.441
"1253",2014,"Coos","Joint %",0.431
"1254",2014,"Coos","Separated %",0.018
"1255",2014,"Crook","Single %",0.385
"1256",2014,"Crook","Joint %",0.506
"1257",2014,"Crook","Separated %",0.017
"1258",2014,"Curry","Single %",0.455
"1259",2014,"Curry","Joint %",0.446
"1260",2014,"Curry","Separated %",0.012
"1261",2014,"Deschutes","Single %",0.444
"1262",2014,"Deschutes","Joint %",0.449
"1263",2014,"Deschutes","Separated %",0.016
"1264",2014,"Douglas","Single %",0.415
"1265",2014,"Douglas","Joint %",0.458
"1266",2014,"Douglas","Separated %",0.015
"1267",2014,"Gilliam","Single %",0.412
"1268",2014,"Gilliam","Joint %",0.493
"1269",2014,"Gilliam","Separated %",NA
"1270",2014,"Grant","Single %",0.418
"1271",2014,"Grant","Joint %",0.487
"1272",2014,"Grant","Separated %",0.013
"1273",2014,"Harney","Single %",0.399
"1274",2014,"Harney","Joint %",0.494
"1275",2014,"Harney","Separated %",0.011
"1276",2014,"Hood River","Single %",0.427
"1277",2014,"Hood River","Joint %",0.423
"1278",2014,"Hood River","Separated %",0.012
"1279",2014,"Idaho","Single %",0.358
"1280",2014,"Idaho","Joint %",0.539
"1281",2014,"Idaho","Separated %",0.01
"1282",2014,"Jackson","Single %",0.451
"1283",2014,"Jackson","Joint %",0.414
"1284",2014,"Jackson","Separated %",0.017
"1285",2014,"Jefferson","Single %",0.387
"1286",2014,"Jefferson","Joint %",0.438
"1287",2014,"Jefferson","Separated %",0.018
"1288",2014,"Josephine","Single %",0.433
"1289",2014,"Josephine","Joint %",0.442
"1290",2014,"Josephine","Separated %",0.016
"1291",2014,"Klamath","Single %",0.416
"1292",2014,"Klamath","Joint %",0.439
"1293",2014,"Klamath","Separated %",0.016
"1294",2014,"Lake","Single %",0.406
"1295",2014,"Lake","Joint %",0.49
"1296",2014,"Lake","Separated %",0.015
"1297",2014,"Lane","Single %",0.489
"1298",2014,"Lane","Joint %",0.391
"1299",2014,"Lane","Separated %",0.016
"1300",2014,"Lincoln","Single %",0.464
"1301",2014,"Lincoln","Joint %",0.414
"1302",2014,"Lincoln","Separated %",0.017
"1303",2014,"Linn","Single %",0.425
"1304",2014,"Linn","Joint %",0.446
"1305",2014,"Linn","Separated %",0.016
"1306",2014,"Malheur","Single %",0.39
"1307",2014,"Malheur","Joint %",0.445
"1308",2014,"Malheur","Separated %",0.01
"1309",2014,"Marion","Single %",0.429
"1310",2014,"Marion","Joint %",0.408
"1311",2014,"Marion","Separated %",0.015
"1312",2014,"Morrow","Single %",0.353
"1313",2014,"Morrow","Joint %",0.445
"1314",2014,"Morrow","Separated %",0.014
"1315",2014,"Multnomah","Single %",0.557
"1316",2014,"Multnomah","Joint %",0.325
"1317",2014,"Multnomah","Separated %",0.018
"1318",2014,"Other","Single %",0.479
"1319",2014,"Other","Joint %",0.442
"1320",2014,"Other","Separated %",0.031
"1321",2014,"Other Washington","Single %",0.401
"1322",2014,"Other Washington","Joint %",0.498
"1323",2014,"Other Washington","Separated %",0.014
"1324",2014,"Polk","Single %",0.412
"1325",2014,"Polk","Joint %",0.465
"1326",2014,"Polk","Separated %",0.016
"1327",2014,"Sherman","Single %",0.469
"1328",2014,"Sherman","Joint %",0.446
"1329",2014,"Sherman","Separated %",0.019
"1330",2014,"Tillamook","Single %",0.444
"1331",2014,"Tillamook","Joint %",0.449
"1332",2014,"Tillamook","Separated %",0.014
"1333",2014,"Umatilla","Single %",0.404
"1334",2014,"Umatilla","Joint %",0.407
"1335",2014,"Umatilla","Separated %",0.014
"1336",2014,"Union","Single %",0.436
"1337",2014,"Union","Joint %",0.462
"1338",2014,"Union","Separated %",0.017
"1339",2014,"Wallowa","Single %",0.422
"1340",2014,"Wallowa","Joint %",0.499
"1341",2014,"Wallowa","Separated %",0.014
"1342",2014,"Wasco","Single %",0.435
"1343",2014,"Wasco","Joint %",0.419
"1344",2014,"Wasco","Separated %",0.014
"1345",2014,"Washington","Single %",0.458
"1346",2014,"Washington","Joint %",0.423
"1347",2014,"Washington","Separated %",0.017
"1348",2014,"Wheeler","Single %",0.385
"1349",2014,"Wheeler","Joint %",0.55
"1350",2014,"Wheeler","Separated %",NA
"1351",2014,"Yamhill","Single %",0.413
"1352",2014,"Yamhill","Joint %",0.452
"1353",2014,"Yamhill","Separated %",0.016
"1354",2015,"Baker","Single %",0.428
"1355",2015,"Baker","Joint %",0.472
"1356",2015,"Baker","Separated %",0.012
"1357",2015,"Benton","Single %",0.516
"1358",2015,"Benton","Joint %",0.413
"1359",2015,"Benton","Separated %",0.01
"1360",2015,"California","Single %",0.472
"1361",2015,"California","Joint %",0.447
"1362",2015,"California","Separated %",0.021
"1363",2015,"Clackamas","Single %",0.454
"1364",2015,"Clackamas","Joint %",0.446
"1365",2015,"Clackamas","Separated %",0.011
"1366",2015,"Clark Co WA","Single %",0.366
"1367",2015,"Clark Co WA","Joint %",0.509
"1368",2015,"Clark Co WA","Separated %",0.01
"1369",2015,"Clatsop","Single %",0.483
"1370",2015,"Clatsop","Joint %",0.4
"1371",2015,"Clatsop","Separated %",0.012
"1372",2015,"Columbia","Single %",0.42
"1373",2015,"Columbia","Joint %",0.466
"1374",2015,"Columbia","Separated %",0.01
"1375",2015,"Coos","Single %",0.448
"1376",2015,"Coos","Joint %",0.426
"1377",2015,"Coos","Separated %",0.012
"1378",2015,"Crook","Single %",0.393
"1379",2015,"Crook","Joint %",0.499
"1380",2015,"Crook","Separated %",0.011
"1381",2015,"Curry","Single %",0.461
"1382",2015,"Curry","Joint %",0.443
"1383",2015,"Curry","Separated %",0.01
"1384",2015,"Deschutes","Single %",0.456
"1385",2015,"Deschutes","Joint %",0.445
"1386",2015,"Deschutes","Separated %",0.01
"1387",2015,"Douglas","Single %",0.42
"1388",2015,"Douglas","Joint %",0.456
"1389",2015,"Douglas","Separated %",0.011
"1390",2015,"Gilliam","Single %",NA
"1391",2015,"Gilliam","Joint %",NA
"1392",2015,"Gilliam","Separated %",NA
"1393",2015,"Grant","Single %",0.412
"1394",2015,"Grant","Joint %",0.491
"1395",2015,"Grant","Separated %",0.012
"1396",2015,"Harney","Single %",0.415
"1397",2015,"Harney","Joint %",0.485
"1398",2015,"Harney","Separated %",0.008
"1399",2015,"Hood River","Single %",0.438
"1400",2015,"Hood River","Joint %",0.421
"1401",2015,"Hood River","Separated %",0.008
"1402",2015,"Idaho","Single %",0.366
"1403",2015,"Idaho","Joint %",0.533
"1404",2015,"Idaho","Separated %",0.007
"1405",2015,"Jackson","Single %",0.462
"1406",2015,"Jackson","Joint %",0.411
"1407",2015,"Jackson","Separated %",0.011
"1408",2015,"Jefferson","Single %",0.399
"1409",2015,"Jefferson","Joint %",0.429
"1410",2015,"Jefferson","Separated %",0.011
"1411",2015,"Josephine","Single %",0.443
"1412",2015,"Josephine","Joint %",0.436
"1413",2015,"Josephine","Separated %",0.011
"1414",2015,"Klamath","Single %",0.428
"1415",2015,"Klamath","Joint %",0.433
"1416",2015,"Klamath","Separated %",0.01
"1417",2015,"Lake","Single %",0.417
"1418",2015,"Lake","Joint %",0.486
"1419",2015,"Lake","Separated %",0.01
"1420",2015,"Lane","Single %",0.498
"1421",2015,"Lane","Joint %",0.387
"1422",2015,"Lane","Separated %",0.011
"1423",2015,"Lincoln","Single %",0.468
"1424",2015,"Lincoln","Joint %",0.41
"1425",2015,"Lincoln","Separated %",0.011
"1426",2015,"Linn","Single %",0.435
"1427",2015,"Linn","Joint %",0.44
"1428",2015,"Linn","Separated %",0.01
"1429",2015,"Malheur","Single %",0.393
"1430",2015,"Malheur","Joint %",0.443
"1431",2015,"Malheur","Separated %",0.006
"1432",2015,"Marion","Single %",0.438
"1433",2015,"Marion","Joint %",0.404
"1434",2015,"Marion","Separated %",0.01
"1435",2015,"Morrow","Single %",0.366
"1436",2015,"Morrow","Joint %",0.443
"1437",2015,"Morrow","Separated %",0.009
"1438",2015,"Multnomah","Single %",0.568
"1439",2015,"Multnomah","Joint %",0.322
"1440",2015,"Multnomah","Separated %",0.012
"1441",2015,"Other","Single %",0.488
"1442",2015,"Other","Joint %",0.439
"1443",2015,"Other","Separated %",0.027
"1444",2015,"Other Washington","Single %",0.419
"1445",2015,"Other Washington","Joint %",0.482
"1446",2015,"Other Washington","Separated %",0.012
"1447",2015,"Polk","Single %",0.423
"1448",2015,"Polk","Joint %",0.459
"1449",2015,"Polk","Separated %",0.01
"1450",2015,"Sherman","Single %",NA
"1451",2015,"Sherman","Joint %",NA
"1452",2015,"Sherman","Separated %",NA
"1453",2015,"Tillamook","Single %",0.453
"1454",2015,"Tillamook","Joint %",0.444
"1455",2015,"Tillamook","Separated %",0.01
"1456",2015,"Umatilla","Single %",0.409
"1457",2015,"Umatilla","Joint %",0.403
"1458",2015,"Umatilla","Separated %",0.01
"1459",2015,"Union","Single %",0.445
"1460",2015,"Union","Joint %",0.457
"1461",2015,"Union","Separated %",0.011
"1462",2015,"Wallowa","Single %",0.433
"1463",2015,"Wallowa","Joint %",0.494
"1464",2015,"Wallowa","Separated %",0.01
"1465",2015,"Wasco","Single %",0.442
"1466",2015,"Wasco","Joint %",0.417
"1467",2015,"Wasco","Separated %",0.009
"1468",2015,"Washington","Single %",0.469
"1469",2015,"Washington","Joint %",0.421
"1470",2015,"Washington","Separated %",0.011
"1471",2015,"Wheeler","Single %",NA
"1472",2015,"Wheeler","Joint %",NA
"1473",2015,"Wheeler","Separated %",NA
"1474",2015,"Yamhill","Single %",0.425
"1475",2015,"Yamhill","Joint %",0.448
"1476",2015,"Yamhill","Separated %",0.011
"1477",2016,"Baker","Single %",0.43
"1478",2016,"Baker","Joint %",0.467
"1479",2016,"Baker","Separated %",0.014
"1480",2016,"Benton","Single %",0.519
"1481",2016,"Benton","Joint %",0.404
"1482",2016,"Benton","Separated %",0.016
"1483",2016,"California","Single %",0.478
"1484",2016,"California","Joint %",0.444
"1485",2016,"California","Separated %",0.021
"1486",2016,"Clackamas","Single %",0.455
"1487",2016,"Clackamas","Joint %",0.44
"1488",2016,"Clackamas","Separated %",0.018
"1489",2016,"Clark Co WA","Single %",0.364
"1490",2016,"Clark Co WA","Joint %",0.509
"1491",2016,"Clark Co WA","Separated %",0.013
"1492",2016,"Clatsop","Single %",0.484
"1493",2016,"Clatsop","Joint %",0.393
"1494",2016,"Clatsop","Separated %",0.018
"1495",2016,"Columbia","Single %",0.422
"1496",2016,"Columbia","Joint %",0.46
"1497",2016,"Columbia","Separated %",0.018
"1498",2016,"Coos","Single %",0.449
"1499",2016,"Coos","Joint %",0.422
"1500",2016,"Coos","Separated %",0.018
"1501",2016,"Crook","Single %",0.396
"1502",2016,"Crook","Joint %",0.489
"1503",2016,"Crook","Separated %",0.019
"1504",2016,"Curry","Single %",0.457
"1505",2016,"Curry","Joint %",0.439
"1506",2016,"Curry","Separated %",0.016
"1507",2016,"Deschutes","Single %",0.46
"1508",2016,"Deschutes","Joint %",0.44
"1509",2016,"Deschutes","Separated %",0.016
"1510",2016,"Douglas","Single %",0.42
"1511",2016,"Douglas","Joint %",0.45
"1512",2016,"Douglas","Separated %",0.017
"1513",2016,"Gilliam","Single %",0.425
"1514",2016,"Gilliam","Joint %",0.471
"1515",2016,"Gilliam","Separated %",0.01
"1516",2016,"Grant","Single %",0.424
"1517",2016,"Grant","Joint %",0.485
"1518",2016,"Grant","Separated %",0.016
"1519",2016,"Harney","Single %",0.414
"1520",2016,"Harney","Joint %",0.477
"1521",2016,"Harney","Separated %",0.013
"1522",2016,"Hood River","Single %",0.444
"1523",2016,"Hood River","Joint %",0.417
"1524",2016,"Hood River","Separated %",0.014
"1525",2016,"Idaho","Single %",0.372
"1526",2016,"Idaho","Joint %",0.528
"1527",2016,"Idaho","Separated %",0.009
"1528",2016,"Jackson","Single %",0.465
"1529",2016,"Jackson","Joint %",0.404
"1530",2016,"Jackson","Separated %",0.017
"1531",2016,"Jefferson","Single %",0.401
"1532",2016,"Jefferson","Joint %",0.426
"1533",2016,"Jefferson","Separated %",0.015
"1534",2016,"Josephine","Single %",0.444
"1535",2016,"Josephine","Joint %",0.43
"1536",2016,"Josephine","Separated %",0.016
"1537",2016,"Klamath","Single %",0.43
"1538",2016,"Klamath","Joint %",0.423
"1539",2016,"Klamath","Separated %",0.017
"1540",2016,"Lake","Single %",0.411
"1541",2016,"Lake","Joint %",0.48
"1542",2016,"Lake","Separated %",0.016
"1543",2016,"Lane","Single %",0.5
"1544",2016,"Lane","Joint %",0.38
"1545",2016,"Lane","Separated %",0.017
"1546",2016,"Lincoln","Single %",0.459
"1547",2016,"Lincoln","Joint %",0.412
"1548",2016,"Lincoln","Separated %",0.019
"1549",2016,"Linn","Single %",0.438
"1550",2016,"Linn","Joint %",0.434
"1551",2016,"Linn","Separated %",0.017
"1552",2016,"Malheur","Single %",0.405
"1553",2016,"Malheur","Joint %",0.435
"1554",2016,"Malheur","Separated %",0.011
"1555",2016,"Marion","Single %",0.442
"1556",2016,"Marion","Joint %",0.399
"1557",2016,"Marion","Separated %",0.016
"1558",2016,"Morrow","Single %",0.369
"1559",2016,"Morrow","Joint %",0.454
"1560",2016,"Morrow","Separated %",0.012
"1561",2016,"Multnomah","Single %",0.57
"1562",2016,"Multnomah","Joint %",0.317
"1563",2016,"Multnomah","Separated %",0.02
"1564",2016,"Other","Single %",0.492
"1565",2016,"Other","Joint %",0.431
"1566",2016,"Other","Separated %",0.032
"1567",2016,"Other Washington","Single %",0.432
"1568",2016,"Other Washington","Joint %",0.465
"1569",2016,"Other Washington","Separated %",0.015
"1570",2016,"Polk","Single %",0.423
"1571",2016,"Polk","Joint %",0.452
"1572",2016,"Polk","Separated %",0.018
"1573",2016,"Sherman","Single %",0.435
"1574",2016,"Sherman","Joint %",0.48
"1575",2016,"Sherman","Separated %",0.009
"1576",2016,"Tillamook","Single %",0.458
"1577",2016,"Tillamook","Joint %",0.435
"1578",2016,"Tillamook","Separated %",0.015
"1579",2016,"Umatilla","Single %",0.419
"1580",2016,"Umatilla","Joint %",0.394
"1581",2016,"Umatilla","Separated %",0.016
"1582",2016,"Union","Single %",0.444
"1583",2016,"Union","Joint %",0.449
"1584",2016,"Union","Separated %",0.016
"1585",2016,"Wallowa","Single %",0.424
"1586",2016,"Wallowa","Joint %",0.495
"1587",2016,"Wallowa","Separated %",0.02
"1588",2016,"Wasco","Single %",0.45
"1589",2016,"Wasco","Joint %",0.411
"1590",2016,"Wasco","Separated %",0.014
"1591",2016,"Washington","Single %",0.472
"1592",2016,"Washington","Joint %",0.415
"1593",2016,"Washington","Separated %",0.018
"1594",2016,"Wheeler","Single %",0.402
"1595",2016,"Wheeler","Joint %",0.526
"1596",2016,"Wheeler","Separated %",0.018
"1597",2016,"Yamhill","Single %",0.427
"1598",2016,"Yamhill","Joint %",0.443
"1599",2016,"Yamhill","Separated %",0.017
"1600",2017,"Baker","Single %",0.434
"1601",2017,"Baker","Joint %",0.467
"1602",2017,"Baker","Separated %",0.013
"1603",2017,"Benton","Single %",0.527
"1604",2017,"Benton","Joint %",0.396
"1605",2017,"Benton","Separated %",0.016
"1606",2017,"California","Single %",0.483
"1607",2017,"California","Joint %",0.439
"1608",2017,"California","Separated %",0.022
"1609",2017,"Clackamas","Single %",0.46
"1610",2017,"Clackamas","Joint %",0.436
"1611",2017,"Clackamas","Separated %",0.018
"1612",2017,"Clark Co WA","Single %",0.377
"1613",2017,"Clark Co WA","Joint %",0.498
"1614",2017,"Clark Co WA","Separated %",0.014
"1615",2017,"Clatsop","Single %",0.486
"1616",2017,"Clatsop","Joint %",0.396
"1617",2017,"Clatsop","Separated %",0.016
"1618",2017,"Columbia","Single %",0.431
"1619",2017,"Columbia","Joint %",0.451
"1620",2017,"Columbia","Separated %",0.017
"1621",2017,"Coos","Single %",0.455
"1622",2017,"Coos","Joint %",0.414
"1623",2017,"Coos","Separated %",0.017
"1624",2017,"Crook","Single %",0.399
"1625",2017,"Crook","Joint %",0.483
"1626",2017,"Crook","Separated %",0.016
"1627",2017,"Curry","Single %",0.465
"1628",2017,"Curry","Joint %",0.432
"1629",2017,"Curry","Separated %",0.013
"1630",2017,"Deschutes","Single %",0.466
"1631",2017,"Deschutes","Joint %",0.435
"1632",2017,"Deschutes","Separated %",0.016
"1633",2017,"Douglas","Single %",0.424
"1634",2017,"Douglas","Joint %",0.445
"1635",2017,"Douglas","Separated %",0.018
"1636",2017,"Gilliam","Single %",0.435
"1637",2017,"Gilliam","Joint %",0.438
"1638",2017,"Gilliam","Separated %",0.017
"1639",2017,"Grant","Single %",0.422
"1640",2017,"Grant","Joint %",0.478
"1641",2017,"Grant","Separated %",0.018
"1642",2017,"Harney","Single %",0.412
"1643",2017,"Harney","Joint %",0.486
"1644",2017,"Harney","Separated %",0.01
"1645",2017,"Hood River","Single %",0.454
"1646",2017,"Hood River","Joint %",0.41
"1647",2017,"Hood River","Separated %",0.013
"1648",2017,"Idaho","Single %",0.372
"1649",2017,"Idaho","Joint %",0.528
"1650",2017,"Idaho","Separated %",0.011
"1651",2017,"Jackson","Single %",0.47
"1652",2017,"Jackson","Joint %",0.4
"1653",2017,"Jackson","Separated %",0.018
"1654",2017,"Jefferson","Single %",0.407
"1655",2017,"Jefferson","Joint %",0.415
"1656",2017,"Jefferson","Separated %",0.017
"1657",2017,"Josephine","Single %",0.451
"1658",2017,"Josephine","Joint %",0.423
"1659",2017,"Josephine","Separated %",0.016
"1660",2017,"Klamath","Single %",0.433
"1661",2017,"Klamath","Joint %",0.417
"1662",2017,"Klamath","Separated %",0.017
"1663",2017,"Lake","Single %",0.423
"1664",2017,"Lake","Joint %",0.463
"1665",2017,"Lake","Separated %",0.016
"1666",2017,"Lane","Single %",0.503
"1667",2017,"Lane","Joint %",0.376
"1668",2017,"Lane","Separated %",0.018
"1669",2017,"Lincoln","Single %",0.465
"1670",2017,"Lincoln","Joint %",0.41
"1671",2017,"Lincoln","Separated %",0.018
"1672",2017,"Linn","Single %",0.444
"1673",2017,"Linn","Joint %",0.43
"1674",2017,"Linn","Separated %",0.017
"1675",2017,"Malheur","Single %",0.41
"1676",2017,"Malheur","Joint %",0.426
"1677",2017,"Malheur","Separated %",0.011
"1678",2017,"Marion","Single %",0.449
"1679",2017,"Marion","Joint %",0.394
"1680",2017,"Marion","Separated %",0.017
"1681",2017,"Morrow","Single %",0.384
"1682",2017,"Morrow","Joint %",0.443
"1683",2017,"Morrow","Separated %",0.012
"1684",2017,"Multnomah","Single %",0.572
"1685",2017,"Multnomah","Joint %",0.315
"1686",2017,"Multnomah","Separated %",0.021
"1687",2017,"Other","Single %",0.493
"1688",2017,"Other","Joint %",0.43
"1689",2017,"Other","Separated %",0.032
"1690",2017,"Other Washington","Single %",0.424
"1691",2017,"Other Washington","Joint %",0.476
"1692",2017,"Other Washington","Separated %",0.015
"1693",2017,"Polk","Single %",0.431
"1694",2017,"Polk","Joint %",0.445
"1695",2017,"Polk","Separated %",0.018
"1696",2017,"Sherman","Single %",0.445
"1697",2017,"Sherman","Joint %",0.478
"1698",2017,"Sherman","Separated %",NA
"1699",2017,"Tillamook","Single %",0.463
"1700",2017,"Tillamook","Joint %",0.427
"1701",2017,"Tillamook","Separated %",0.015
"1702",2017,"Umatilla","Single %",0.426
"1703",2017,"Umatilla","Joint %",0.387
"1704",2017,"Umatilla","Separated %",0.017
"1705",2017,"Union","Single %",0.45
"1706",2017,"Union","Joint %",0.445
"1707",2017,"Union","Separated %",0.013
"1708",2017,"Wallowa","Single %",0.44
"1709",2017,"Wallowa","Joint %",0.476
"1710",2017,"Wallowa","Separated %",0.022
"1711",2017,"Wasco","Single %",0.45
"1712",2017,"Wasco","Joint %",0.409
"1713",2017,"Wasco","Separated %",0.014
"1714",2017,"Washington","Single %",0.477
"1715",2017,"Washington","Joint %",0.411
"1716",2017,"Washington","Separated %",0.018
"1717",2017,"Wheeler","Single %",0.424
"1718",2017,"Wheeler","Joint %",0.5
"1719",2017,"Wheeler","Separated %",NA
"1720",2017,"Yamhill","Single %",0.434
"1721",2017,"Yamhill","Joint %",0.439
"1722",2017,"Yamhill","Separated %",0.018
"1723",2018,"Baker","Single %",0.436
"1724",2018,"Baker","Joint %",0.465
"1725",2018,"Baker","Separated %",0.013
"1726",2018,"Benton","Single %",0.535
"1727",2018,"Benton","Joint %",0.389
"1728",2018,"Benton","Separated %",0.015
"1729",2018,"California","Single %",0.486
"1730",2018,"California","Joint %",0.437
"1731",2018,"California","Separated %",0.021
"1732",2018,"Clackamas","Single %",0.465
"1733",2018,"Clackamas","Joint %",0.432
"1734",2018,"Clackamas","Separated %",0.017
"1735",2018,"Clark Co WA","Single %",0.385
"1736",2018,"Clark Co WA","Joint %",0.492
"1737",2018,"Clark Co WA","Separated %",0.014
"1738",2018,"Clatsop","Single %",0.493
"1739",2018,"Clatsop","Joint %",0.388
"1740",2018,"Clatsop","Separated %",0.015
"1741",2018,"Columbia","Single %",0.438
"1742",2018,"Columbia","Joint %",0.444
"1743",2018,"Columbia","Separated %",0.016
"1744",2018,"Coos","Single %",0.46
"1745",2018,"Coos","Joint %",0.408
"1746",2018,"Coos","Separated %",0.017
"1747",2018,"Crook","Single %",0.404
"1748",2018,"Crook","Joint %",0.474
"1749",2018,"Crook","Separated %",0.019
"1750",2018,"Curry","Single %",0.468
"1751",2018,"Curry","Joint %",0.426
"1752",2018,"Curry","Separated %",0.015
"1753",2018,"Deschutes","Single %",0.471
"1754",2018,"Deschutes","Joint %",0.431
"1755",2018,"Deschutes","Separated %",0.016
"1756",2018,"Douglas","Single %",0.433
"1757",2018,"Douglas","Joint %",0.439
"1758",2018,"Douglas","Separated %",0.016
"1759",2018,"Gilliam","Single %",0.446
"1760",2018,"Gilliam","Joint %",0.451
"1761",2018,"Gilliam","Separated %",NA
"1762",2018,"Grant","Single %",0.43
"1763",2018,"Grant","Joint %",0.462
"1764",2018,"Grant","Separated %",0.016
"1765",2018,"Harney","Single %",0.416
"1766",2018,"Harney","Joint %",0.476
"1767",2018,"Harney","Separated %",0.01
"1768",2018,"Hood River","Single %",0.466
"1769",2018,"Hood River","Joint %",0.404
"1770",2018,"Hood River","Separated %",0.014
"1771",2018,"Idaho","Single %",0.373
"1772",2018,"Idaho","Joint %",0.527
"1773",2018,"Idaho","Separated %",0.011
"1774",2018,"Jackson","Single %",0.476
"1775",2018,"Jackson","Joint %",0.395
"1776",2018,"Jackson","Separated %",0.016
"1777",2018,"Jefferson","Single %",0.417
"1778",2018,"Jefferson","Joint %",0.411
"1779",2018,"Jefferson","Separated %",0.015
"1780",2018,"Josephine","Single %",0.457
"1781",2018,"Josephine","Joint %",0.415
"1782",2018,"Josephine","Separated %",0.015
"1783",2018,"Klamath","Single %",0.44
"1784",2018,"Klamath","Joint %",0.411
"1785",2018,"Klamath","Separated %",0.016
"1786",2018,"Lake","Single %",0.428
"1787",2018,"Lake","Joint %",0.46
"1788",2018,"Lake","Separated %",0.019
"1789",2018,"Lane","Single %",0.51
"1790",2018,"Lane","Joint %",0.37
"1791",2018,"Lane","Separated %",0.018
"1792",2018,"Lincoln","Single %",0.473
"1793",2018,"Lincoln","Joint %",0.402
"1794",2018,"Lincoln","Separated %",0.018
"1795",2018,"Linn","Single %",0.449
"1796",2018,"Linn","Joint %",0.425
"1797",2018,"Linn","Separated %",0.016
"1798",2018,"Malheur","Single %",0.414
"1799",2018,"Malheur","Joint %",0.42
"1800",2018,"Malheur","Separated %",0.01
"1801",2018,"Marion","Single %",0.457
"1802",2018,"Marion","Joint %",0.389
"1803",2018,"Marion","Separated %",0.016
"1804",2018,"Morrow","Single %",0.399
"1805",2018,"Morrow","Joint %",0.434
"1806",2018,"Morrow","Separated %",0.011
"1807",2018,"Multnomah","Single %",0.58
"1808",2018,"Multnomah","Joint %",0.308
"1809",2018,"Multnomah","Separated %",0.021
"1810",2018,"Other","Single %",0.493
"1811",2018,"Other","Joint %",0.432
"1812",2018,"Other","Separated %",0.031
"1813",2018,"Other Washington","Single %",0.435
"1814",2018,"Other Washington","Joint %",0.465
"1815",2018,"Other Washington","Separated %",0.016
"1816",2018,"Polk","Single %",0.435
"1817",2018,"Polk","Joint %",0.441
"1818",2018,"Polk","Separated %",0.016
"1819",2018,"Sherman","Single %",0.48
"1820",2018,"Sherman","Joint %",0.445
"1821",2018,"Sherman","Separated %",NA
"1822",2018,"Tillamook","Single %",0.464
"1823",2018,"Tillamook","Joint %",0.421
"1824",2018,"Tillamook","Separated %",0.018
"1825",2018,"Umatilla","Single %",0.432
"1826",2018,"Umatilla","Joint %",0.383
"1827",2018,"Umatilla","Separated %",0.014
"1828",2018,"Union","Single %",0.455
"1829",2018,"Union","Joint %",0.435
"1830",2018,"Union","Separated %",0.018
"1831",2018,"Wallowa","Single %",0.441
"1832",2018,"Wallowa","Joint %",0.476
"1833",2018,"Wallowa","Separated %",0.017
"1834",2018,"Wasco","Single %",0.455
"1835",2018,"Wasco","Joint %",0.402
"1836",2018,"Wasco","Separated %",0.015
"1837",2018,"Washington","Single %",0.483
"1838",2018,"Washington","Joint %",0.406
"1839",2018,"Washington","Separated %",0.018
"1840",2018,"Wheeler","Single %",0.421
"1841",2018,"Wheeler","Joint %",0.505
"1842",2018,"Wheeler","Separated %",NA
"1843",2018,"Yamhill","Single %",0.441
"1844",2018,"Yamhill","Joint %",0.434
"1845",2018,"Yamhill","Separated %",0.016
"1846",2019,"Baker","Single %",0.443
"1847",2019,"Baker","Joint %",0.455
"1848",2019,"Baker","Separated %",0.016
"1849",2019,"Benton","Single %",0.537
"1850",2019,"Benton","Joint %",0.385
"1851",2019,"Benton","Separated %",0.016
"1852",2019,"California","Single %",0.499
"1853",2019,"California","Joint %",0.426
"1854",2019,"California","Separated %",0.021
"1855",2019,"Clackamas","Single %",0.475
"1856",2019,"Clackamas","Joint %",0.423
"1857",2019,"Clackamas","Separated %",0.018
"1858",2019,"Clark Co WA","Single %",0.403
"1859",2019,"Clark Co WA","Joint %",0.474
"1860",2019,"Clark Co WA","Separated %",0.016
"1861",2019,"Clatsop","Single %",0.506
"1862",2019,"Clatsop","Joint %",0.373
"1863",2019,"Clatsop","Separated %",0.019
"1864",2019,"Columbia","Single %",0.453
"1865",2019,"Columbia","Joint %",0.43
"1866",2019,"Columbia","Separated %",0.017
"1867",2019,"Coos","Single %",0.476
"1868",2019,"Coos","Joint %",0.395
"1869",2019,"Coos","Separated %",0.019
"1870",2019,"Crook","Single %",0.418
"1871",2019,"Crook","Joint %",0.46
"1872",2019,"Crook","Separated %",0.021
"1873",2019,"Curry","Single %",0.48
"1874",2019,"Curry","Joint %",0.419
"1875",2019,"Curry","Separated %",0.014
"1876",2019,"Deschutes","Single %",0.483
"1877",2019,"Deschutes","Joint %",0.418
"1878",2019,"Deschutes","Separated %",0.018
"1879",2019,"Douglas","Single %",0.448
"1880",2019,"Douglas","Joint %",0.422
"1881",2019,"Douglas","Separated %",0.018
"1882",2019,"Gilliam","Single %",0.459
"1883",2019,"Gilliam","Joint %",0.437
"1884",2019,"Gilliam","Separated %",NA
"1885",2019,"Grant","Single %",0.437
"1886",2019,"Grant","Joint %",0.45
"1887",2019,"Grant","Separated %",0.014
"1888",2019,"Harney","Single %",0.432
"1889",2019,"Harney","Joint %",0.465
"1890",2019,"Harney","Separated %",0.01
"1891",2019,"Hood River","Single %",0.481
"1892",2019,"Hood River","Joint %",0.394
"1893",2019,"Hood River","Separated %",0.014
"1894",2019,"Idaho","Single %",0.388
"1895",2019,"Idaho","Joint %",0.514
"1896",2019,"Idaho","Separated %",0.012
"1897",2019,"Jackson","Single %",0.489
"1898",2019,"Jackson","Joint %",0.382
"1899",2019,"Jackson","Separated %",0.018
"1900",2019,"Jefferson","Single %",0.425
"1901",2019,"Jefferson","Joint %",0.403
"1902",2019,"Jefferson","Separated %",0.015
"1903",2019,"Josephine","Single %",0.472
"1904",2019,"Josephine","Joint %",0.402
"1905",2019,"Josephine","Separated %",0.016
"1906",2019,"Klamath","Single %",0.448
"1907",2019,"Klamath","Joint %",0.402
"1908",2019,"Klamath","Separated %",0.017
"1909",2019,"Lake","Single %",0.44
"1910",2019,"Lake","Joint %",0.443
"1911",2019,"Lake","Separated %",0.021
"1912",2019,"Lane","Single %",0.521
"1913",2019,"Lane","Joint %",0.36
"1914",2019,"Lane","Separated %",0.019
"1915",2019,"Lincoln","Single %",0.49
"1916",2019,"Lincoln","Joint %",0.386
"1917",2019,"Lincoln","Separated %",0.019
"1918",2019,"Linn","Single %",0.461
"1919",2019,"Linn","Joint %",0.412
"1920",2019,"Linn","Separated %",0.019
"1921",2019,"Malheur","Single %",0.434
"1922",2019,"Malheur","Joint %",0.402
"1923",2019,"Malheur","Separated %",0.01
"1924",2019,"Marion","Single %",0.472
"1925",2019,"Marion","Joint %",0.377
"1926",2019,"Marion","Separated %",0.018
"1927",2019,"Morrow","Single %",0.416
"1928",2019,"Morrow","Joint %",0.413
"1929",2019,"Morrow","Separated %",0.017
"1930",2019,"Multnomah","Single %",0.589
"1931",2019,"Multnomah","Joint %",0.299
"1932",2019,"Multnomah","Separated %",0.022
"1933",2019,"Other","Single %",0.507
"1934",2019,"Other","Joint %",0.416
"1935",2019,"Other","Separated %",0.032
"1936",2019,"Other Washington","Single %",0.443
"1937",2019,"Other Washington","Joint %",0.459
"1938",2019,"Other Washington","Separated %",0.016
"1939",2019,"Polk","Single %",0.447
"1940",2019,"Polk","Joint %",0.428
"1941",2019,"Polk","Separated %",0.018
"1942",2019,"Sherman","Single %",0.483
"1943",2019,"Sherman","Joint %",0.433
"1944",2019,"Sherman","Separated %",NA
"1945",2019,"Tillamook","Single %",0.479
"1946",2019,"Tillamook","Joint %",0.407
"1947",2019,"Tillamook","Separated %",0.018
"1948",2019,"Umatilla","Single %",0.446
"1949",2019,"Umatilla","Joint %",0.373
"1950",2019,"Umatilla","Separated %",0.016
"1951",2019,"Union","Single %",0.458
"1952",2019,"Union","Joint %",0.429
"1953",2019,"Union","Separated %",0.018
"1954",2019,"Wallowa","Single %",0.447
"1955",2019,"Wallowa","Joint %",0.476
"1956",2019,"Wallowa","Separated %",0.014
"1957",2019,"Wasco","Single %",0.47
"1958",2019,"Wasco","Joint %",0.39
"1959",2019,"Wasco","Separated %",0.015
"1960",2019,"Washington","Single %",0.494
"1961",2019,"Washington","Joint %",0.395
"1962",2019,"Washington","Separated %",0.019
"1963",2019,"Wheeler","Single %",0.438
"1964",2019,"Wheeler","Joint %",0.494
"1965",2019,"Wheeler","Separated %",NA
"1966",2019,"Yamhill","Single %",0.452
"1967",2019,"Yamhill","Joint %",0.424
"1968",2019,"Yamhill","Separated %",0.019
"1969",2020,"Baker","Single %",0.456
"1970",2020,"Baker","Joint %",0.442
"1971",2020,"Baker","Separated %",0.017
"1972",2020,"Benton","Single %",0.541
"1973",2020,"Benton","Joint %",0.38
"1974",2020,"Benton","Separated %",0.018
"1975",2020,"California","Single %",0.491
"1976",2020,"California","Joint %",0.434
"1977",2020,"California","Separated %",0.021
"1978",2020,"Clackamas","Single %",0.479
"1979",2020,"Clackamas","Joint %",0.42
"1980",2020,"Clackamas","Separated %",0.019
"1981",2020,"Clark Co WA","Single %",0.41
"1982",2020,"Clark Co WA","Joint %",0.467
"1983",2020,"Clark Co WA","Separated %",0.018
"1984",2020,"Clatsop","Single %",0.511
"1985",2020,"Clatsop","Joint %",0.368
"1986",2020,"Clatsop","Separated %",0.021
"1987",2020,"Columbia","Single %",0.465
"1988",2020,"Columbia","Joint %",0.418
"1989",2020,"Columbia","Separated %",0.018
"1990",2020,"Coos","Single %",0.487
"1991",2020,"Coos","Joint %",0.384
"1992",2020,"Coos","Separated %",0.019
"1993",2020,"Crook","Single %",0.435
"1994",2020,"Crook","Joint %",0.451
"1995",2020,"Crook","Separated %",0.02
"1996",2020,"Curry","Single %",0.492
"1997",2020,"Curry","Joint %",0.409
"1998",2020,"Curry","Separated %",0.018
"1999",2020,"Deschutes","Single %",0.489
"2000",2020,"Deschutes","Joint %",0.415
"2001",2020,"Deschutes","Separated %",0.018
"2002",2020,"Douglas","Single %",0.46
"2003",2020,"Douglas","Joint %",0.41
"2004",2020,"Douglas","Separated %",0.018
"2005",2020,"Gilliam","Single %",0.465
"2006",2020,"Gilliam","Joint %",0.437
"2007",2020,"Gilliam","Separated %",NA
"2008",2020,"Grant","Single %",0.447
"2009",2020,"Grant","Joint %",0.44
"2010",2020,"Grant","Separated %",0.019
"2011",2020,"Harney","Single %",0.447
"2012",2020,"Harney","Joint %",0.45
"2013",2020,"Harney","Separated %",0.01
"2014",2020,"Hood River","Single %",0.495
"2015",2020,"Hood River","Joint %",0.387
"2016",2020,"Hood River","Separated %",0.015
"2017",2020,"Idaho","Single %",0.393
"2018",2020,"Idaho","Joint %",0.511
"2019",2020,"Idaho","Separated %",0.012
"2020",2020,"Jackson","Single %",0.5
"2021",2020,"Jackson","Joint %",0.375
"2022",2020,"Jackson","Separated %",0.018
"2023",2020,"Jefferson","Single %",0.445
"2024",2020,"Jefferson","Joint %",0.392
"2025",2020,"Jefferson","Separated %",0.015
"2026",2020,"Josephine","Single %",0.485
"2027",2020,"Josephine","Joint %",0.39
"2028",2020,"Josephine","Separated %",0.016
"2029",2020,"Klamath","Single %",0.459
"2030",2020,"Klamath","Joint %",0.393
"2031",2020,"Klamath","Separated %",0.017
"2032",2020,"Lake","Single %",0.45
"2033",2020,"Lake","Joint %",0.43
"2034",2020,"Lake","Separated %",0.024
"2035",2020,"Lane","Single %",0.531
"2036",2020,"Lane","Joint %",0.352
"2037",2020,"Lane","Separated %",0.02
"2038",2020,"Lincoln","Single %",0.498
"2039",2020,"Lincoln","Joint %",0.382
"2040",2020,"Lincoln","Separated %",0.02
"2041",2020,"Linn","Single %",0.472
"2042",2020,"Linn","Joint %",0.404
"2043",2020,"Linn","Separated %",0.018
"2044",2020,"Malheur","Single %",0.456
"2045",2020,"Malheur","Joint %",0.386
"2046",2020,"Malheur","Separated %",0.013
"2047",2020,"Marion","Single %",0.481
"2048",2020,"Marion","Joint %",0.37
"2049",2020,"Marion","Separated %",0.019
"2050",2020,"Morrow","Single %",0.44
"2051",2020,"Morrow","Joint %",0.397
"2052",2020,"Morrow","Separated %",0.021
"2053",2020,"Multnomah","Single %",0.595
"2054",2020,"Multnomah","Joint %",0.294
"2055",2020,"Multnomah","Separated %",0.023
"2056",2020,"Other","Single %",0.5
"2057",2020,"Other","Joint %",0.422
"2058",2020,"Other","Separated %",0.033
"2059",2020,"Other Washington","Single %",0.443
"2060",2020,"Other Washington","Joint %",0.462
"2061",2020,"Other Washington","Separated %",0.017
"2062",2020,"Polk","Single %",0.458
"2063",2020,"Polk","Joint %",0.419
"2064",2020,"Polk","Separated %",0.019
"2065",2020,"Sherman","Single %",0.481
"2066",2020,"Sherman","Joint %",0.418
"2067",2020,"Sherman","Separated %",NA
"2068",2020,"Tillamook","Single %",0.484
"2069",2020,"Tillamook","Joint %",0.404
"2070",2020,"Tillamook","Separated %",0.017
"2071",2020,"Umatilla","Single %",0.462
"2072",2020,"Umatilla","Joint %",0.361
"2073",2020,"Umatilla","Separated %",0.018
"2074",2020,"Union","Single %",0.47
"2075",2020,"Union","Joint %",0.419
"2076",2020,"Union","Separated %",0.017
"2077",2020,"Wallowa","Single %",0.463
"2078",2020,"Wallowa","Joint %",0.461
"2079",2020,"Wallowa","Separated %",0.014
"2080",2020,"Wasco","Single %",0.482
"2081",2020,"Wasco","Joint %",0.379
"2082",2020,"Wasco","Separated %",0.017
"2083",2020,"Washington","Single %",0.5
"2084",2020,"Washington","Joint %",0.39
"2085",2020,"Washington","Separated %",0.02
"2086",2020,"Wheeler","Single %",0.431
"2087",2020,"Wheeler","Joint %",0.495
"2088",2020,"Wheeler","Separated %",NA
"2089",2020,"Yamhill","Single %",0.461
"2090",2020,"Yamhill","Joint %",0.418
"2091",2020,"Yamhill","Separated %",0.019
"2092",2021,"Baker","Single %",0.458
"2093",2021,"Baker","Joint %",0.439
"2094",2021,"Baker","Separated %",0.018
"2095",2021,"Benton","Single %",0.548
"2096",2021,"Benton","Joint %",0.376
"2097",2021,"Benton","Separated %",0.017
"2098",2021,"California","Single %",0.499
"2099",2021,"California","Joint %",0.427
"2100",2021,"California","Separated %",0.022
"2101",2021,"Clackamas","Single %",0.482
"2102",2021,"Clackamas","Joint %",0.417
"2103",2021,"Clackamas","Separated %",0.019
"2104",2021,"Clark Co WA","Single %",0.416
"2105",2021,"Clark Co WA","Joint %",0.465
"2106",2021,"Clark Co WA","Separated %",0.017
"2107",2021,"Clatsop","Single %",0.509
"2108",2021,"Clatsop","Joint %",0.374
"2109",2021,"Clatsop","Separated %",0.02
"2110",2021,"Columbia","Single %",0.461
"2111",2021,"Columbia","Joint %",0.42
"2112",2021,"Columbia","Separated %",0.018
"2113",2021,"Coos","Single %",0.485
"2114",2021,"Coos","Joint %",0.387
"2115",2021,"Coos","Separated %",0.019
"2116",2021,"Crook","Single %",0.436
"2117",2021,"Crook","Joint %",0.449
"2118",2021,"Crook","Separated %",0.019
"2119",2021,"Curry","Single %",0.49
"2120",2021,"Curry","Joint %",0.409
"2121",2021,"Curry","Separated %",0.019
"2122",2021,"Deschutes","Single %",0.491
"2123",2021,"Deschutes","Joint %",0.415
"2124",2021,"Deschutes","Separated %",0.018
"2125",2021,"Douglas","Single %",0.461
"2126",2021,"Douglas","Joint %",0.407
"2127",2021,"Douglas","Separated %",0.019
"2128",2021,"Gilliam","Single %",0.454
"2129",2021,"Gilliam","Joint %",0.444
"2130",2021,"Gilliam","Separated %",NA
"2131",2021,"Grant","Single %",0.455
"2132",2021,"Grant","Joint %",0.433
"2133",2021,"Grant","Separated %",0.019
"2134",2021,"Harney","Single %",0.443
"2135",2021,"Harney","Joint %",0.447
"2136",2021,"Harney","Separated %",0.013
"2137",2021,"Hood River","Single %",0.498
"2138",2021,"Hood River","Joint %",0.382
"2139",2021,"Hood River","Separated %",0.016
"2140",2021,"Idaho","Single %",0.387
"2141",2021,"Idaho","Joint %",0.522
"2142",2021,"Idaho","Separated %",0.013
"2143",2021,"Jackson","Single %",0.499
"2144",2021,"Jackson","Joint %",0.373
"2145",2021,"Jackson","Separated %",0.019
"2146",2021,"Jefferson","Single %",0.45
"2147",2021,"Jefferson","Joint %",0.39
"2148",2021,"Jefferson","Separated %",0.016
"2149",2021,"Josephine","Single %",0.484
"2150",2021,"Josephine","Joint %",0.389
"2151",2021,"Josephine","Separated %",0.017
"2152",2021,"Klamath","Single %",0.461
"2153",2021,"Klamath","Joint %",0.39
"2154",2021,"Klamath","Separated %",0.017
"2155",2021,"Lake","Single %",0.447
"2156",2021,"Lake","Joint %",0.441
"2157",2021,"Lake","Separated %",0.024
"2158",2021,"Lane","Single %",0.534
"2159",2021,"Lane","Joint %",0.35
"2160",2021,"Lane","Separated %",0.019
"2161",2021,"Lincoln","Single %",0.499
"2162",2021,"Lincoln","Joint %",0.383
"2163",2021,"Lincoln","Separated %",0.019
"2164",2021,"Linn","Single %",0.476
"2165",2021,"Linn","Joint %",0.399
"2166",2021,"Linn","Separated %",0.018
"2167",2021,"Malheur","Single %",0.453
"2168",2021,"Malheur","Joint %",0.383
"2169",2021,"Malheur","Separated %",0.013
"2170",2021,"Marion","Single %",0.485
"2171",2021,"Marion","Joint %",0.367
"2172",2021,"Marion","Separated %",0.018
"2173",2021,"Morrow","Single %",0.435
"2174",2021,"Morrow","Joint %",0.397
"2175",2021,"Morrow","Separated %",0.019
"2176",2021,"Multnomah","Single %",0.598
"2177",2021,"Multnomah","Joint %",0.292
"2178",2021,"Multnomah","Separated %",0.022
"2179",2021,"Other","Single %",0.491
"2180",2021,"Other","Joint %",0.429
"2181",2021,"Other","Separated %",0.031
"2182",2021,"Other Washington","Single %",0.452
"2183",2021,"Other Washington","Joint %",0.457
"2184",2021,"Other Washington","Separated %",0.017
"2185",2021,"Polk","Single %",0.465
"2186",2021,"Polk","Joint %",0.414
"2187",2021,"Polk","Separated %",0.019
"2188",2021,"Sherman","Single %",0.472
"2189",2021,"Sherman","Joint %",0.437
"2190",2021,"Sherman","Separated %",NA
"2191",2021,"Tillamook","Single %",0.486
"2192",2021,"Tillamook","Joint %",0.402
"2193",2021,"Tillamook","Separated %",0.019
"2194",2021,"Umatilla","Single %",0.462
"2195",2021,"Umatilla","Joint %",0.361
"2196",2021,"Umatilla","Separated %",0.018
"2197",2021,"Union","Single %",0.472
"2198",2021,"Union","Joint %",0.417
"2199",2021,"Union","Separated %",0.018
"2200",2021,"Wallowa","Single %",0.461
"2201",2021,"Wallowa","Joint %",0.448
"2202",2021,"Wallowa","Separated %",0.024
"2203",2021,"Wasco","Single %",0.484
"2204",2021,"Wasco","Joint %",0.38
"2205",2021,"Wasco","Separated %",0.017
"2206",2021,"Washington","Single %",0.505
"2207",2021,"Washington","Joint %",0.386
"2208",2021,"Washington","Separated %",0.02
"2209",2021,"Wheeler","Single %",0.441
"2210",2021,"Wheeler","Joint %",0.499
"2211",2021,"Wheeler","Separated %",NA
"2212",2021,"Yamhill","Single %",0.464
"2213",2021,"Yamhill","Joint %",0.416
"2214",2021,"Yamhill","Separated %",0.019
